subjectGroup;GMT_timestamp;local_timestamp;mindsCode;link;calibration;id;age;sex;education;handedness;nationality;completionCode;;;;;;;;;;;;;;;;;;;;;;;;;;;;Subject.Rép absolue;Robot;Rép soumise;Bonne rép;Success absolu;Success w robot
2;2020-07-29_15:19:35;2020-07-29_17:19:35;M089643;https://www.testable.org/experiment/4303/294929/start?fbclid=IwAR3qNC9CY9Ge1j-WUzeCsSvpaTEKp7ZP_8jdg3rYtJvk-2ds-VTo8j6xPuo;1;GHEZZANI MATHILDE;28;female;Bachelor degree;right-handed;France;UsbPzdORjpJBps2G;;;;;;;;;;;;;;;;;;;;;;;;;;;;;;;;;
;;;;;;;;;;;;;;;;;;;;;;;;;;;;;;;;;;;;;;;;;;;;;
rowNo;trialNo;type;title;fixation;ITI;trialText;trialTextPos;trialTextOptions;stim1;stimPos;button1;button2;if;then;label;responsePos;head;body;responseOptions;subjectGroup;random;randomBlock;responseRows;required;stimFormat;pageBreak;pageName;bgColor;textColor;stimPos_actual;ITI_ms;ITI_f;ITI_fDuration;timestamp;response;RT;correct;responseCode;;;;;;;
20;l;form;;;;;;;;;;;;;;;"<b><font size=""6""><center>Parti Libertarien</center></font></b>";"<font size=""4""><p align=”justify”>Notre constat est le même que la majorité des Français : le poids de l’état et son périmètre d’action ne cessent d’augmenter, entravant toujours plus nos libertés, avec les résultats catastrophiques que tout le monde constate. <br/><br/>Nous sommes également face à une inflation législative extrêmement préoccupante, l’accumulation de normes, de réglementations et de lois rendent le système incompréhensible pour la majorité des Français et impraticable pour les entrepreneurs. Seuls les grands groupes et les multinationales profitent de cette complexité et peuvent s’étendre sans réelle concurrence. Ces réglementations paralysent toute initiative personnelle, bloquent l’ascenseur social et augmentent les inégalités. <br/><br/>Au-delà des conséquences dramatiques d’une telle intrusion de l’état dans la vie des individus, ce dernier, en voulant réguler chaque aspect de notre quotidien, va au-delà de ses prérogatives et viole notre droit fondamental à gérer notre vie comme bon nous semble. Nous sommes libertariens et nous considérons que c’est aux individus libres d’écrire leur histoire.</p></font>";1_7_1;4;0;1;0;"<b>A quel point cette organisation vous est-elle familière ? </b><br/>(1 = pas du tout familière)<br/>(7 = très familière)<br/><br/>; <b>A quel point trouvez-vous que les valeurs de cette organisation sont proches des vôtres ? </b><br/>(1 = pas du tout proches)<br/>(7 = très proches)<br/><br/> ; <b>A quel point appréciez-vous cette organisation ? </b><br/>(1 = je n'apprécie pas du tout)<br/>(7 = j'apprécie fortement)<br/><br/> ; <b>A quel point cette organisation vous est-elle, selon vous, familière à vos proches ? </b><br/>(1 = pas du tout familière)<br/>(7 = très familière)<br/><br/>; <b>A quel point vos proches trouveraient-ils, selon vous, que les valeurs de cette organisation sont proches des leurs ? </b><br/>(1 = pas du tout proches)<br/>(7 = très proches)<br/><br/> ; <b>A quel point vos proches apprécieraient-ils, selon vous, cette organisation ?</b><br/>(1 = ils n'apprécieraient pas du tout)<br/>(7 = ils apprécieraient fortement)";;.png;1;<center>Veuillez évaluer l'organisation suivante</center>;;;;0;0;0;334487;6_6_5_4_4_5;100727;0;6_6_5_4_4_5;;;;;;
16;h;form;;;;;;;;;;;;;;;"<b><font size=""6""><center>Climato-réalistes</center></font></b>";"<font size=""4""><p align=”justify”>Apparu en France en 2015, le climatoréalisme voit dans le climat un objet de science et non d’idéologie. Les évolutions climatiques sont multiples et mal comprises, si bien que rien ne prouve que notre mode de vie causerait un « dérèglement climatique ». Le dire n’est pas de l’égoïsme, du déni ou de l’antiécologisme, mais du réalisme. Nous devons réfléchir à la meilleure manière d’utiliser nos ressources, et porter nos efforts là où ils sont vraiment utiles. <br/><br/> L’association des climato-réalistes a pour objet de promouvoir un débat ouvert et libre sur l’évolution du climat et les questions sociétales et environnementales qui s’y rapportent, en favorisant l’expression sous toutes ses formes d’avis rigoureux et argumentés. <br/><br/>L'association vise à sensibiliser le citoyen aux enjeux du climat et des politiques énergétiques menées au nom de la lutte contre le réchauffement climatique. L’association est apolitique et totalement libre dans l’expression de ses idées. Elle s’attache à diffuser une information fiable recueillie auprès de sources sérieuses.</p></font>";1_7_1;4;0;1;0;"<b>A quel point cette organisation vous est-elle familière ? </b><br/>(1 = pas du tout familière)<br/>(7 = très familière)<br/><br/>; <b>A quel point trouvez-vous que les valeurs de cette organisation sont proches des vôtres ? </b><br/>(1 = pas du tout proches)<br/>(7 = très proches)<br/><br/> ; <b>A quel point appréciez-vous cette organisation ? </b><br/>(1 = je n'apprécie pas du tout)<br/>(7 = j'apprécie fortement)<br/><br/> ; <b>A quel point cette organisation vous est-elle, selon vous, familière à vos proches ? </b><br/>(1 = pas du tout familière)<br/>(7 = très familière)<br/><br/>; <b>A quel point vos proches trouveraient-ils, selon vous, que les valeurs de cette organisation sont proches des leurs ? </b><br/>(1 = pas du tout proches)<br/>(7 = très proches)<br/><br/> ; <b>A quel point vos proches apprécieraient-ils, selon vous, cette organisation ?</b><br/>(1 = ils n'apprécieraient pas du tout)<br/>(7 = ils apprécieraient fortement)";;.png;1;<center>Veuillez évaluer l'organisation suivante</center>;;;;0;0;0;382577;6_6_6_5_5_4;47545;0;6_6_6_5_5_4;;;;;;
13;e;form;;;;;;;;;;;;;;;"<b><font size=""6""><center>Greenpeace</center></font></b>";"<font size=""4""><p align=”justify”> Depuis sa création il y a une cinquantaine d’années, Greenpeace agit sur terre et en mer selon les principes de non-violence pour protéger l’environnement et promouvoir la paix. Aujourd’hui, nous restons fidèles à cette mission, ainsi qu'à notre totale indépendance financière et idéologique. <br/><br/> Changements climatiques, inégalités grandissantes, injustices sociales, migrations et conflits armés... Tous les grands défis de notre époque, auxquels nous devons répondre de toute urgence, sont intimement liés – tout comme les structures de pouvoir qui en sont à l’origine et les mentalités qui s’en accommodent. C’est pourquoi il est nécessaire de les transformer conjointement. <br/><br/> Greenpeace est présente dans 55 pays, sur tous les continents et tous les océans grâce à ses 28 bureaux nationaux et régionaux et ses trois bateaux. Elle compte plus de trois millions d'adhérent·es et plus de 36 000 bénévoles à travers le monde. Nous plaçons le pouvoir citoyen au cœur de nos campagnes en donnant une résonance au travail de toutes celles et tous ceux qui partagent notre vision, nos espoirs et notre conviction qu’il faut des transformations profondes de nos sociétés.</p></font>";1_7_1;4;0;1;0;"<b>A quel point cette organisation vous est-elle familière ? </b><br/>(1 = pas du tout familière)<br/>(7 = très familière)<br/><br/>; <b>A quel point trouvez-vous que les valeurs de cette organisation sont proches des vôtres ? </b><br/>(1 = pas du tout proches)<br/>(7 = très proches)<br/><br/> ; <b>A quel point appréciez-vous cette organisation ? </b><br/>(1 = je n'apprécie pas du tout)<br/>(7 = j'apprécie fortement)<br/><br/> ; <b>A quel point cette organisation vous est-elle, selon vous, familière à vos proches ? </b><br/>(1 = pas du tout familière)<br/>(7 = très familière)<br/><br/>; <b>A quel point vos proches trouveraient-ils, selon vous, que les valeurs de cette organisation sont proches des leurs ? </b><br/>(1 = pas du tout proches)<br/>(7 = très proches)<br/><br/> ; <b>A quel point vos proches apprécieraient-ils, selon vous, cette organisation ?</b><br/>(1 = ils n'apprécieraient pas du tout)<br/>(7 = ils apprécieraient fortement)";;.png;1;<center>Veuillez évaluer l'organisation suivante</center>;;;;0;;;421460;6_6_6_7_7_7;38337;0;6_6_6_7_7_7;;;;;;
19;k;form;;;;;;;;;;;;;;;"<b><font size=""6""><center>Frexit</center></font></b>";"<font size=""4""><p align=”justify”>FRANCE FREXIT est une initiative privée et totalement libre et indépendante, créée en Mars 2018 et visant à informer, rassembler, échanger, proposer sur la thématique du Frexit. En toute légalité, sans aucune violence, et dans le respect des Institutions. <br/><br/> Profitant de l’opportunité historique du Frexit, FRANCE FREXIT propose la réforme complète de la République et de l’Etat Français par une grande COORDINATION NATIONALE FRANCAISE, basée sur une nouvelle formule de Pouvoir, incluant une organisation réellement démocratique prenant le meilleur de la République et laissant le moins bon, et utilisant les moyens modernes de communication : votations, votations électroniques, tirages au sort,  ainsi que certains aspects monarchiques, principalement en terme de spiritualité et de transmission des valeurs universelles et traditionnelles de la France. <br/><br/>FRANCE FREXIT s’oppose politiquement aux partis euro-extrémistes et euro-identitaires que sont notamment LaREM, LR, MODEM, EELV, PS, UDI, Parti Radical. FRANCE FREXIT ne soutient pas pour autant les partis euro-alternatifs et autres partis-leurres que sont le RN, la LFI ou encore DLF, le NPA, LO et quelques autres partis euro-compatibles.</p></font>";1_7_1;4;0;1;0;"<b>A quel point cette organisation vous est-elle familière ? </b><br/>(1 = pas du tout familière)<br/>(7 = très familière)<br/><br/>; <b>A quel point trouvez-vous que les valeurs de cette organisation sont proches des vôtres ? </b><br/>(1 = pas du tout proches)<br/>(7 = très proches)<br/><br/> ; <b>A quel point appréciez-vous cette organisation ? </b><br/>(1 = je n'apprécie pas du tout)<br/>(7 = j'apprécie fortement)<br/><br/> ; <b>A quel point cette organisation vous est-elle, selon vous, familière à vos proches ? </b><br/>(1 = pas du tout familière)<br/>(7 = très familière)<br/><br/>; <b>A quel point vos proches trouveraient-ils, selon vous, que les valeurs de cette organisation sont proches des leurs ? </b><br/>(1 = pas du tout proches)<br/>(7 = très proches)<br/><br/> ; <b>A quel point vos proches apprécieraient-ils, selon vous, cette organisation ?</b><br/>(1 = ils n'apprécieraient pas du tout)<br/>(7 = ils apprécieraient fortement)";;.png;1;<center>Veuillez évaluer l'organisation suivante</center>;;;;0;;;497303;1_1_1_2_2_2;75299;0;1_1_1_2_2_2;;;;;;
12;d;form;;;;;;;;;;;;;;;"<b><font size=""6""><center>La Manif Pour Tous</center></font></b>";"<font size=""4""><p align=”justify”> La Manif Pour Tous défend le mariage et la filiation en cohérence avec la réalité sexuée de l’humanité, dont la conséquence est à la fois la différence et la complémentarité des sexes, incontournable pour concevoir un enfant et assumer la différence père-mère, paternité-maternité. Notre finalité est le respect de l’intérêt supérieur et des besoins élémentaires de l’enfant, aujourd’hui menacés par les réformes sociétales inspirées par l’idéologie du genre. <br/><br/>La Manif Pour Tous se situe dans une démarche pragmatique dont l’objectif est de favoriser le bien-être et l’avenir de l’enfant, de l’adulte et de la société dans son ensemble, ce qu’on appelle couramment l’intérêt général. Elle agit pour les générations présentes et à venir. <br/><br/> Enfin, La Manif Pour Tous rappelle que la famille est le carrefour de la différence des sexes et de la différence des générations. Seul ce contexte répond aux besoins essentiels de l’enfant pour venir au monde, connaître son identité personnelle, entrer peu à peu en relations avec les autres, s’insérer dans le groupe puis dans la société, contribuer à la paix sociale. </p></font>";1_7_1;4;0;1;0;"<b>A quel point cette organisation vous est-elle familière ? </b><br/>(1 = pas du tout familière)<br/>(7 = très familière)<br/><br/>; <b>A quel point trouvez-vous que les valeurs de cette organisation sont proches des vôtres ? </b><br/>(1 = pas du tout proches)<br/>(7 = très proches)<br/><br/> ; <b>A quel point appréciez-vous cette organisation ? </b><br/>(1 = je n'apprécie pas du tout)<br/>(7 = j'apprécie fortement)<br/><br/> ; <b>A quel point cette organisation vous est-elle, selon vous, familière à vos proches ? </b><br/>(1 = pas du tout familière)<br/>(7 = très familière)<br/><br/>; <b>A quel point vos proches trouveraient-ils, selon vous, que les valeurs de cette organisation sont proches des leurs ? </b><br/>(1 = pas du tout proches)<br/>(7 = très proches)<br/><br/> ; <b>A quel point vos proches apprécieraient-ils, selon vous, cette organisation ?</b><br/>(1 = ils n'apprécieraient pas du tout)<br/>(7 = ils apprécieraient fortement)";;.png;1;<center>Veuillez évaluer l'organisation suivante</center>;;;;0;;;583146;1_1_1_1_1_1;85294;0;1_1_1_1_1_1;;;;;;
14;f;form;;;;;;;;;;;;;;;"<b><font size=""6""><center>WWF</center></font></b>";"<font size=""4""><p align=”justify”>Le WWF est l’une des toutes premières organisations indépendantes de protection de l’environnement dans le monde. Le WWF œuvre pour mettre un frein à la dégradation de l’environnement naturel de la planète et construire un avenir où les humains vivent en harmonie avec la nature, en conservant la diversité biologique mondiale, en assurant une utilisation soutenable des ressources naturelles renouvelables, et en faisant la promotion de la réduction de la pollution et du gaspillage. <br/><br/> WWF France mène, depuis 1973, des actions concrètes pour sauvegarder les milieux naturels et leurs espèces, assurer la promotion de modes de vie durables, former les décideurs, accompagner les entreprises dans la réduction de leur empreinte écologique, et éduquer les jeunes publics. <br/><br/>Le WWF France, Fondation reconnue d'utilité publique, œuvre pour une planète vivante depuis Paris, Marseille, les Alpes, la Guyane et la Nouvelle-Calédonie. Adepte d'une action fondée sur le dialogue et le respect de l'autre, le WWF adopte une approche globaliste prenant en compte l’interdépendance entre l'état de la planète et le développement humain.</p></font>";1_7_1;4;0;1;0;"<b>A quel point cette organisation vous est-elle familière ? </b><br/>(1 = pas du tout familière)<br/>(7 = très familière)<br/><br/>; <b>A quel point trouvez-vous que les valeurs de cette organisation sont proches des vôtres ? </b><br/>(1 = pas du tout proches)<br/>(7 = très proches)<br/><br/> ; <b>A quel point appréciez-vous cette organisation ? </b><br/>(1 = je n'apprécie pas du tout)<br/>(7 = j'apprécie fortement)<br/><br/> ; <b>A quel point cette organisation vous est-elle, selon vous, familière à vos proches ? </b><br/>(1 = pas du tout familière)<br/>(7 = très familière)<br/><br/>; <b>A quel point vos proches trouveraient-ils, selon vous, que les valeurs de cette organisation sont proches des leurs ? </b><br/>(1 = pas du tout proches)<br/>(7 = très proches)<br/><br/> ; <b>A quel point vos proches apprécieraient-ils, selon vous, cette organisation ?</b><br/>(1 = ils n'apprécieraient pas du tout)<br/>(7 = ils apprécieraient fortement)";;.png;1;<center>Veuillez évaluer l'organisation suivante</center>;;;;0;;;606872;6_6_7_5_5_7;23179;0;6_6_7_5_5_7;;;;;;
10;b;form;;;;;;;;;;;;;;;"<b><font size=""6""><center>FEMEN</center></font></b>";"<font size=""4""><p align=”justify”>FEMEN est un mouvement international d'activistes politiques féministes aux torses nus, peints de slogans, et aux têtes couronnées de fleurs. Nos slogans sont courts et percutants, nos poitrines sont nos étendards. De la nécessité militante naît l'accomplissement d'actions puissantes et provocantes mais toujours non-violentes. Le mouvement est né en 2008 à Kiev en Ukraine. Dès 2010, les activistes se politisent et utilisent leur poitrine comme support de leurs revendications. <br/><br/>Avec nos actions provocantes et retentissantes, nous ciblons les multiples manifestations de l’ordre patriarcal : dictatures, industrie du sexe et religions. Nous sommes une revanche féminine contre la culture patriarcale sclérosée. Nous sommes une expression de la liberté et du pluralisme. <br/><br/> Notre ambition est de changer les mentalités et l’image publique des femmes en exposant notre force, notre courage et nos convictions. C’est en développant notre action politique que nous parviendrons à changer notre réalité même la plus intime. </p></font>";1_7_1;4;0;1;0;"<b>A quel point cette organisation vous est-elle familière ? </b><br/>(1 = pas du tout familière)<br/>(7 = très familière)<br/><br/>; <b>A quel point trouvez-vous que les valeurs de cette organisation sont proches des vôtres ? </b><br/>(1 = pas du tout proches)<br/>(7 = très proches)<br/><br/> ; <b>A quel point appréciez-vous cette organisation ? </b><br/>(1 = je n'apprécie pas du tout)<br/>(7 = j'apprécie fortement)<br/><br/> ; <b>A quel point cette organisation vous est-elle, selon vous, familière à vos proches ? </b><br/>(1 = pas du tout familière)<br/>(7 = très familière)<br/><br/>; <b>A quel point vos proches trouveraient-ils, selon vous, que les valeurs de cette organisation sont proches des leurs ? </b><br/>(1 = pas du tout proches)<br/>(7 = très proches)<br/><br/> ; <b>A quel point vos proches apprécieraient-ils, selon vous, cette organisation ?</b><br/>(1 = ils n'apprécieraient pas du tout)<br/>(7 = ils apprécieraient fortement)";;.png;1;<center>Veuillez évaluer l'organisation suivante</center>;;;;0;;;625879;5_5_4_4_4_4;18464;0;5_5_4_4_4_4;;;;;;
18;f;form;;;;;;;;;;;;;;;"<b><font size=""6""><center>Fondation Robert Schuman</center></font></b>";"<font size=""4""><p align=”justify”>Créée en 1991 et reconnue d'utilité publique, la Fondation Robert Schuman œuvre en faveur de la construction européenne. Centre de recherche de référence, la Fondation développe des études sur l'Union européenne et ses politiques et en promeut le contenu en France, en Europe et à l'étranger. <br/><br/>La Fondation est un lieu de travail en réseau ouvert et multinational. Elle s'est donnée pour principale mission de garder vivants l'esprit et l'inspiration d'un des ""Pères de l'Europe"", Robert Schuman et de promouvoir les valeurs et les idéaux européens à l'intérieur comme hors des frontières de l'Union. <br/><br/>La Fondation produit de nombreuses études sur les politiques européennes qui constituent une précieuse source d'informations pour tous ceux qui veulent comprendre les questions et enjeux européens. Son indépendance lui permet de traiter de tous les sujets d'actualité de manière approfondie et objective. Ses études et analyses apportent aux décideurs européens des informations, arguments et éléments de réflexion appréciés pour leur utilité et leur qualité scientifique. Elle multiplie les initiatives sur le terrain pour faire progresser le modèle démocratique européen.</p></font>";1_7_1;4;0;1;0;"<b>A quel point cette organisation vous est-elle familière ? </b><br/>(1 = pas du tout familière)<br/>(7 = très familière)<br/><br/>; <b>A quel point trouvez-vous que les valeurs de cette organisation sont proches des vôtres ? </b><br/>(1 = pas du tout proches)<br/>(7 = très proches)<br/><br/> ; <b>A quel point appréciez-vous cette organisation ? </b><br/>(1 = je n'apprécie pas du tout)<br/>(7 = j'apprécie fortement)<br/><br/> ; <b>A quel point cette organisation vous est-elle, selon vous, familière à vos proches ? </b><br/>(1 = pas du tout familière)<br/>(7 = très familière)<br/><br/>; <b>A quel point vos proches trouveraient-ils, selon vous, que les valeurs de cette organisation sont proches des leurs ? </b><br/>(1 = pas du tout proches)<br/>(7 = très proches)<br/><br/> ; <b>A quel point vos proches apprécieraient-ils, selon vous, cette organisation ?</b><br/>(1 = ils n'apprécieraient pas du tout)<br/>(7 = ils apprécieraient fortement)";;.png;1;<center>Veuillez évaluer l'organisation suivante</center>;;;;0;;;681982;2_4_3_3_4_2;55559;0;2_4_3_3_4_2;;;;;;
15;f;form;;;;;;;;;;;;;;;"<b><font size=""6""><center>Groupe d'experts non-gouvernemental sur l'évolution du climat (NIPCC)</center></font></b>";"<font size=""4""><p align=”justify”>Le Groupe d'experts non-gouvernemental sur l'évolution du climat (NIPCC) est un groupe international de scientifiques et d'universitaires non gouvernementaux qui se sont réunis pour présenter une évaluation complète, fiable et réaliste de la science et de l'économie du réchauffement climatique. <br/><br/>Puisqu'il n'est pas une agence gouvernementale, et parce que ses membres ne sont pas prédisposés à croire que le changement climatique est causé par les émissions de gaz à effet de serre par l'homme, le NIPCC est en mesure d'offrir une ""seconde opinion"" indépendante des preuves examinées - ou non examinées - par le Groupe d'experts intergouvernemental sur l'évolution du climat (GIEC) sur la question du réchauffement climatique. <br/><br/>Depuis sa fondation en 2008, le NIPCC produit des publications et des rapports à destination des politiques publiques. Ces rapports visent, par exemple, à montrer que l’impact du réchauffement climatique provoqué par l’homme est bénin et pourrait être bénéfique pour l’humanité et le monde naturel ; que les preuves de la montée des eaux ne sont pas fiables ; ou qu’il n’existe pas de consensus scientifique dans le débat sur le changement climatique.</p></font>";1_7_1;4;0;1;0;"<b>A quel point cette organisation vous est-elle familière ? </b><br/>(1 = pas du tout familière)<br/>(7 = très familière)<br/><br/>; <b>A quel point trouvez-vous que les valeurs de cette organisation sont proches des vôtres ? </b><br/>(1 = pas du tout proches)<br/>(7 = très proches)<br/><br/> ; <b>A quel point appréciez-vous cette organisation ? </b><br/>(1 = je n'apprécie pas du tout)<br/>(7 = j'apprécie fortement)<br/><br/> ; <b>A quel point cette organisation vous est-elle, selon vous, familière à vos proches ? </b><br/>(1 = pas du tout familière)<br/>(7 = très familière)<br/><br/>; <b>A quel point vos proches trouveraient-ils, selon vous, que les valeurs de cette organisation sont proches des leurs ? </b><br/>(1 = pas du tout proches)<br/>(7 = très proches)<br/><br/> ; <b>A quel point vos proches apprécieraient-ils, selon vous, cette organisation ?</b><br/>(1 = ils n'apprécieraient pas du tout)<br/>(7 = ils apprécieraient fortement)";;.png;1;<center>Veuillez évaluer l'organisation suivante</center>;;;;0;;;746977;1_1_1_1_1_1;64450;0;1_1_1_1_1_1;;;;;;
11;c;form;;;;;;;;;;;;;;;"<b><font size=""6""><center>Génération Identitaire</center></font></b>";"<font size=""4""><p align=”justify”>Génération Identitaire est un mouvement politique de jeunesse qui rassemble des garçons et des filles à travers toute l’Europe. Il a été fondé en septembre 2012. <br/><br/> Nous appelons la jeunesse à relever la tête : face à la racaille, face à ceux qui veulent fliquer notre vie et nos pensées, face à l’uniformisation des peuples et des cultures, face au raz de marée de l’immigration massive, face à une Ecole qui nous cache l’histoire de notre peuple pour nous empêcher de l’aimer, face à un prétendu vivre-ensemble qui vire au cauchemar... Génération Identitaire est la première ligne de la résistance. <br/><br/> Conscients des défis qui s’imposent à nous, nous ne refusons aucune bataille. Fiers de notre héritage et confiants dans notre destin, nous n’avons qu’un seul mot d’ordre : on ne recule plus ! Nous sommes la génération sacrifiée, mais pas la génération perdue. Car nous entrons en guerre contre tous ceux qui veulent nous arracher nos racines et nous faire oublier qui nous sommes. Notre idéal est la reconquête, et nous la mènerons jusqu’au bout. Génération Identitaire est la barricade sur laquelle se dresse la jeunesse en lutte pour son identité. </p></font>";1_7_1;4;0;1;0;"<b>A quel point cette organisation vous est-elle familière ? </b><br/>(1 = pas du tout familière)<br/>(7 = très familière)<br/><br/>; <b>A quel point trouvez-vous que les valeurs de cette organisation sont proches des vôtres ? </b><br/>(1 = pas du tout proches)<br/>(7 = très proches)<br/><br/> ; <b>A quel point appréciez-vous cette organisation ? </b><br/>(1 = je n'apprécie pas du tout)<br/>(7 = j'apprécie fortement)<br/><br/> ; <b>A quel point cette organisation vous est-elle, selon vous, familière à vos proches ? </b><br/>(1 = pas du tout familière)<br/>(7 = très familière)<br/><br/>; <b>A quel point vos proches trouveraient-ils, selon vous, que les valeurs de cette organisation sont proches des leurs ? </b><br/>(1 = pas du tout proches)<br/>(7 = très proches)<br/><br/> ; <b>A quel point vos proches apprécieraient-ils, selon vous, cette organisation ?</b><br/>(1 = ils n'apprécieraient pas du tout)<br/>(7 = ils apprécieraient fortement)";;.png;1;<center>Veuillez évaluer l'organisation suivante</center>;;;;0;;;798118;1_1_1_2_2_2;50596;0;1_1_1_2_2_2;;;;;;
9;a;form;;;;;;;;;;;;;;;"<b><font size=""6""><center>SOS Méditerranée</center></font></b>";"<font size=""4""><p align=”justify”>SOS Méditerranée est une association civile européenne de sauvetage en mer, indépendante de tout parti politique et de toute confession, créée en 2015 et constituée de citoyens mobilisés face à l’urgence humanitaire en Méditerranée. SOS Méditerranée se fonde sur le respect de l’homme et de sa dignité, quelle que soit sa nationalité, son origine, son appartenance sociale, religieuse, politique ou ethnique. <br/><br/> L'association a vocation à porter assistance à toute personne en détresse sur mer se trouvant dans le périmètre de son action, sans aucune discrimination. Les personnes concernées sont des hommes, femmes ou enfants, migrants ou réfugiés, se retrouvant en danger de mort lors de la traversée de la Méditerranée. L'association vise également à assurer la protection des rescapés jusqu’à leur arrivée dans un port sûr et à témoigner de la situation en Méditerranée centrale. <br/><br/>L'association est financée par des dons privés et des subventions publiques. Les fonds collectés sont alloués à la location du bateau, aux frais quotidiens d’entretien et de sauvetage.</p></font>";1_7_1;4;0;1;0;"<b>A quel point cette organisation vous est-elle familière ? </b><br/>(1 = pas du tout familière)<br/>(7 = très familière)<br/><br/>; <b>A quel point trouvez-vous que les valeurs de cette organisation sont proches des vôtres ? </b><br/>(1 = pas du tout proches)<br/>(7 = très proches)<br/><br/> ; <b>A quel point appréciez-vous cette organisation ? </b><br/>(1 = je n'apprécie pas du tout)<br/>(7 = j'apprécie fortement)<br/><br/> ; <b>A quel point cette organisation vous est-elle, selon vous, familière à vos proches ? </b><br/>(1 = pas du tout familière)<br/>(7 = très familière)<br/><br/>; <b>A quel point vos proches trouveraient-ils, selon vous, que les valeurs de cette organisation sont proches des leurs ? </b><br/>(1 = pas du tout proches)<br/>(7 = très proches)<br/><br/> ; <b>A quel point vos proches apprécieraient-ils, selon vous, cette organisation ?</b><br/>(1 = ils n'apprécieraient pas du tout)<br/>(7 = ils apprécieraient fortement)";;.png;1;<center>Veuillez évaluer l'organisation suivante</center>;;;;0;;;820520;6_7_7_4_4_4;21859;0;6_7_7_4_4_4;;;;;;
17;i;form;;;;;;;;;;;;;;;"<b><font size=""6""><center>Mouvement Européen France</center></font></b>";"<font size=""4""><p align=”justify”>Le Mouvement Européen – France se mobilise depuis 1950, à travers toutes les générations, pour faire vivre un débat public pluraliste sur l’Europe. Il déploie ses activités autour de la pédagogie, de l’organisation du débat entre les citoyens et de la formulation de propositions pour construire l’Europe. <br/><br/> Il rassemble des milliers de bénévoles réunis au sein de plus de 50 sections locales, une vingtaine d’organisations membres ainsi qu’un collège de personnalités qualifiées. Héritier de l’esprit des pères fondateurs de l’Europe, le Mouvement est le premier acteur de la société civile en France sur les enjeux européens. <br/><br/>Il se mobilise également à travers avec sa branche jeune, les Jeunes Européens – France, qui compte 26 groupes locaux répartis sur le territoire. Au niveau européen, le Mouvement Européen est également membre du Mouvement Européen – International, un réseau de 39 organisations qui font résonner notre engagement à travers le continent. Le Mouvement Européen-France est reconnu comme association d’intérêt général depuis le 22 juillet 2016 et est par ailleurs agréé « association éducative complémentaire de l’enseignement public ».</p></font>";1_7_1;4;0;1;0;"<b>A quel point cette organisation vous est-elle familière ? </b><br/>(1 = pas du tout familière)<br/>(7 = très familière)<br/><br/>; <b>A quel point trouvez-vous que les valeurs de cette organisation sont proches des vôtres ? </b><br/>(1 = pas du tout proches)<br/>(7 = très proches)<br/><br/> ; <b>A quel point appréciez-vous cette organisation ? </b><br/>(1 = je n'apprécie pas du tout)<br/>(7 = j'apprécie fortement)<br/><br/> ; <b>A quel point cette organisation vous est-elle, selon vous, familière à vos proches ? </b><br/>(1 = pas du tout familière)<br/>(7 = très familière)<br/><br/>; <b>A quel point vos proches trouveraient-ils, selon vous, que les valeurs de cette organisation sont proches des leurs ? </b><br/>(1 = pas du tout proches)<br/>(7 = très proches)<br/><br/> ; <b>A quel point vos proches apprécieraient-ils, selon vous, cette organisation ?</b><br/>(1 = ils n'apprécieraient pas du tout)<br/>(7 = ils apprécieraient fortement)";;.png;1;<center>Veuillez évaluer l'organisation suivante</center>;;;;0;;;854841;5_5_5_4_4_4;33776;0;5_5_5_4_4_4;;;;;;
380;50;test;informationEvaluation;ITI;2000_4000;"<b><font size=""6""><center>Près de 25 % des étudiants vivent en dessous du seuil de pauvreté</center></font></b>";above;allTrial;barre;0 0;;;;;;;;;-100_100_1;0;nsg:2;;9;;1;.bmp;1;;#000000;#FFFFFF;0 0;3117;;;1755336;50;19028;;50;VRAIE;15;VRAIE;VRAIE;1;1
381;50;test;informationReception;;;"<b><font size=""6""><center>Près de 25 % des étudiants vivent en dessous du seuil de pauvreté</center></font></b>";above;allTrial;<html>;0 0;Je souhaite recevoir le complément d'informations;Je ne souhaite pas recevoir le complément d'informations;1;2;WTPtoReceive_125;WTPnotToReceive_125;;below;;;;nsg:2;;9;;1;word;1;;#000000;#FFFFFF;0 0;;;;1757330;1;1976;;;;;;;
382;50;test;WTPtoReceive;;;"<b><font size=""6""><center>Près de 25 % des étudiants vivent en dessous du seuil de pauvreté</center></font></b>";above;allTrial;<html><center> Combien d'UME êtes-vous prêt(e) à payer pour recevoir le complément d'informations ?</center><br/><br/></html>;0 0;;;RT>1;endTrial125;WTPtoReceive_125;below;;;0_25_1;0;nsg:2;;9;;1;word;1;;#000000;#FFFFFF;0 0;;0;0;1762138;5;4787;;5;;;;;;
415;87;test;informationEvaluation;ITI;2000_4000;"<b><font size=""6""><center>Jusqu'en 1992, des tests dits «de féminité» étaient systématiques dans l'athlétisme, avant d'être limités aux cas de «suspicion»</center></font></b>";above;allTrial;barre;0 0;;;;;;;;;-100_100_1;0;nsg:2;;16;;1;.bmp;1;;#000000;#FFFFFF;0 0;2217;0;0;1796958;20;32503;;20;VRAIE;41;FAUSSE;VRAIE;1;0
416;87;test;informationReception;;;"<b><font size=""6""><center>Jusqu'en 1992, des tests dits «de féminité» étaient systématiques dans l'athlétisme, avant d'être limités aux cas de «suspicion»</center></font></b>";above;allTrial;<html>;0 0;Je souhaite recevoir le complément d'informations;Je ne souhaite pas recevoir le complément d'informations;1;2;WTPtoReceive_136;WTPnotToReceive_136;;below;;;;nsg:2;;16;;1;word;1;;#000000;#FFFFFF;0 0;;0;0;1800035;1;3061;;;;;;;
417;87;test;WTPtoReceive;;;"<b><font size=""6""><center>Jusqu'en 1992, des tests dits «de féminité» étaient systématiques dans l'athlétisme, avant d'être limités aux cas de «suspicion»</center></font></b>";above;allTrial;<html><center>Combien d'UME êtes-vous prêt(e) à payer pour recevoir le complément d'informations ?</center><br/><br/></html>;0 0;;;RT>1;endTrial136;WTPtoReceive_136;below;;;0_25_1;0;nsg:2;;16;;1;word;1;;#000000;#FFFFFF;0 0;;0;0;1803487;5;3427;;5;;;;;;
430;97;test;informationEvaluation;ITI;2000_4000;"<b><font size=""6""><center>Une tente n'est pas juridiquement considérée comme le domicile du sans-abri. Elle peut donc être légalement confisquée</center></font></b>";above;allTrial;barre;0 0;;;;;;;;;-100_100_1;0;nsg:2;;19;;1;.bmp;1;;#000000;#FFFFFF;0 0;2983;0;0;1829949;71;23376;;71;VRAIE;19;VRAIE;FAUSSE;0;0
431;97;test;informationReception;;;"<b><font size=""6""><center>Une tente n'est pas juridiquement considérée comme le domicile du sans-abri. Elle peut donc être légalement confisquée</center></font></b>";above;allTrial;<html>;0 0;Je souhaite recevoir le complément d'informations;Je ne souhaite pas recevoir le complément d'informations;1;2;WTPtoReceive_145;WTPnotToReceive_145;;below;;;;nsg:2;;19;;1;word;1;;#000000;#FFFFFF;0 0;;0;0;1831780;2;1815;;;;;;;
433;97;test;WTPnotToReceive;;;"<b><font size=""6""><center>Une tente n'est pas juridiquement considérée comme le domicile du sans-abri. Elle peut donc être légalement confisquée</center></font></b>";above;allTrial;<html><center> Combien d'UME êtes-vous prêt(e) à payer pour ne pas recevoir le complément d'informations ?</center><br/><br/></html>;0 0;;;RT>1;endTrial145;WTPnotToReceive_145;below;;;0_25_1;0;nsg:2;;19;;1;word;1;;#000000;#FFFFFF;0 0;;0;0;1835031;7;3231;;7;;;;;;
575;209;test;informationEvaluation;ITI;2000_4000;"<b><font size=""6""><center>Nous pourrions devenir le premier pays européen à proposer à ses citoyens de s’identifier à des services publics par reconnaissance faciale</center></font></b>";above;allTrial;barre;0 0;;;;;;;;;-100_100_1;0;nsg:2;;48;;1;.bmp;1;;#000000;#FFFFFF;0 0;2933;0;0;1854904;50;16785;;50;VRAIE;84;VRAIE;VRAIE;1;1
576;209;test;informationReception;;;"<b><font size=""6""><center>Nous pourrions devenir le premier pays européen à proposer à ses citoyens de s’identifier à des services publics par reconnaissance faciale</center></font></b>";above;allTrial;<html>;0 0;Je souhaite recevoir le complément d'informations;Je ne souhaite pas recevoir le complément d'informations;1;2;WTPtoReceive_209;WTPnotToReceive_209;;below;;;;nsg:2;;48;;1;word;1;;#000000;#FFFFFF;0 0;;0;0;1856485;2;1565;;;;;;;
578;209;test;WTPnotToReceive;;;"<b><font size=""6""><center>Nous pourrions devenir le premier pays européen à proposer à ses citoyens de s’identifier à des services publics par reconnaissance faciale</center></font></b>";above;allTrial;<html><center>Combien d'UME êtes-vous prêt(e) à payer pour ne pas recevoir le complément d'informations ?</center><br/><br/></html>;0 0;;;RT>1;endTrial209;WTPnotToReceive_209;below;;;0_25_1;0;nsg:2;;48;;1;word;1;;#000000;#FFFFFF;0 0;;0;0;1861497;10;4994;;10;;;;;;
500;151;test;informationEvaluation;ITI;2000_4000;"<b><font size=""6""><center>La branche française de Russia Today a relayé des fake news pendant la campagne de LREM</center></font></b>";above;allTrial;barre;0 0;;;;;;;;;-100_100_1;0;nsg:2;;33;;1;.bmp;1;;#000000;#FFFFFF;0 0;3783;0;0;1876224;50;10838;;50;VRAIE;78;FAUSSE;VRAIE;1;0
501;151;test;informationReception;;;"<b><font size=""6""><center>La branche française de Russia Today a relayé des fake news pendant la campagne de LREM</center></font></b>";above;allTrial;<html>;0 0;Je souhaite recevoir le complément d'informations;Je ne souhaite pas recevoir le complément d'informations;1;2;WTPtoReceive_178;WTPnotToReceive_178;;below;;;;nsg:2;;33;;1;word;1;;#000000;#FFFFFF;0 0;;0;0;1877623;2;1382;;;;;;;
503;151;test;WTPnotToReceive;;;"<b><font size=""6""><center>La branche française de Russia Today a relayé des fake news pendant la campagne de LREM</center></font></b>";above;allTrial;<html><center> Combien d'UME êtes-vous prêt(e) à payer pour ne pas recevoir le complément d'informations ?</center><br/><br/></html>;0 0;;;RT>1;endTrial178;WTPnotToReceive_178;below;;;0_25_1;0;nsg:2;;33;;1;word;1;;#000000;#FFFFFF;0 0;;0;0;1883370;10;5729;;10;;;;;;
535;180;test;informationEvaluation;ITI;2000_4000;"<b><font size=""6""><center>Les lions viennent d'être déclarés 'espèce très vulnérable' sur tous les continents: les lions noirs sont désormais en voie d'extinction</center></font></b>";above;allTrial;barre;0 0;;;;;;;;;-100_100_1;0;nsg:2;;40;;1;.bmp;1;;#000000;#FFFFFF;0 0;3633;0;0;1895498;100;8381;;100;VRAIE;32;VRAIE;FAUSSE;0;0
536;180;test;informationReception;;;"<b><font size=""6""><center>Les lions viennent d'être déclarés 'espèce très vulnérable' sur tous les continents: les lions noirs sont désormais en voie d'extinction</center></font></b>";above;allTrial;<html>;0 0;Je souhaite recevoir le complément d'informations;Je ne souhaite pas recevoir le complément d'informations;1;2;WTPtoReceive_190;WTPnotToReceive_190;;below;;;;nsg:2;;40;;1;word;1;;#000000;#FFFFFF;0 0;;0;0;1897429;2;1914;;;;;;;
538;180;test;WTPnotToReceive;;;"<b><font size=""6""><center>Les lions viennent d'être déclarés 'espèce très vulnérable' sur tous les continents: les lions noirs sont désormais en voie d'extinction</center></font></b>";above;allTrial;<html><center>Combien d'UME êtes-vous prêt(e) à payer pour ne pas recevoir le complément d'informations ?</center><br/><br/></html>;0 0;;;RT>1;endTrial190;WTPnotToReceive_190;below;;;0_25_1;0;nsg:2;;40;;1;word;1;;#000000;#FFFFFF;0 0;;0;0;1902114;20;4668;;20;;;;;;
345;17;test;informationEvaluation;ITI;2000_4000;"<b><font size=""6""><center>La France est le pays du pourtour méditerranéen qui produit le plus de déchets plastiques</center></font></b>";above;allTrial;barre;0 0;;;;;;;;;-100_100_1;0;nsg:2;;2;;1;.bmp;1;;#000000;#FFFFFF;0 0;3533;0;0;1917517;-50;11793;;-50;FAUSSE;39;FAUSSE;VRAIE;0;0
346;17;test;informationReception;;;"<b><font size=""6""><center>La France est le pays du pourtour méditerranéen qui produit le plus de déchets plastiques</center></font></b>";above;allTrial;<html>;0 0;Je souhaite recevoir le complément d'informations;Je ne souhaite pas recevoir le complément d'informations;1;2;WTPtoReceive_116;WTPnotToReceive_116;;below;;;;nsg:2;;2;;1;word;1;;#000000;#FFFFFF;0 0;;0;0;1919431;2;1899;;;;;;;
348;17;test;WTPnotToReceive;;;"<b><font size=""6""><center>La France est le pays du pourtour méditerranéen qui produit le plus de déchets plastiques</center></font></b>";above;allTrial;<html><center> Combien d'UME êtes-vous prêt(e) à payer pour ne pas recevoir le complément d'informations ?</center><br/><br/></html>;0 0;;;RT>1;endTrial116;WTPnotToReceive_116;below;;;0_25_1;0;nsg:2;;2;;1;word;1;;#000000;#FFFFFF;0 0;;0;0;1925096;5;5649;;5;;;;;;
550;191;test;informationEvaluation;ITI;2000_4000;"<b><font size=""6""><center>Les émissions françaises de gaz à effet de serre atteignaient 548 millions de tonnes en 1990 et 445 millions en 2018, soit une baisse de 19%</center></font></b>";above;allTrial;barre;0 0;;;;;;;;;-100_100_1;0;nsg:2;;43;;1;.bmp;1;;#000000;#FFFFFF;0 0;3167;0;0;1942690;40;14340;;40;VRAIE;7;VRAIE;VRAIE;1;1
551;191;test;informationReception;;;"<b><font size=""6""><center>Les émissions françaises de gaz à effet de serre atteignaient 548 millions de tonnes en 1990 et 445 millions en 2018, soit une baisse de 19%</center></font></b>";above;allTrial;<html>;0 0;Je souhaite recevoir le complément d'informations;Je ne souhaite pas recevoir le complément d'informations;1;2;WTPtoReceive_194;WTPnotToReceive_194;;below;;;;nsg:2;;43;;1;word;1;;#000000;#FFFFFF;0 0;;0;0;1943999;1;1294;;;;;;;
552;191;test;WTPtoReceive;;;"<b><font size=""6""><center>Les émissions françaises de gaz à effet de serre atteignaient 548 millions de tonnes en 1990 et 445 millions en 2018, soit une baisse de 19%</center></font></b>";above;allTrial;<html><center> Combien d'UME êtes-vous prêt(e) à payer pour recevoir le complément d'informations ?</center><br/><br/></html>;0 0;;;RT>1;endTrial194;WTPtoReceive_194;below;;;0_25_1;0;nsg:2;;43;;1;word;1;;#000000;#FFFFFF;0 0;;0;0;1948452;6;4435;;6;;;;;;
450;113;test;informationEvaluation;ITI;2000_4000;"<b><font size=""6""><center>Les étrangers âgés les plus modestes, sous conditions, ont accès au même dispositif que les ressortissants Français âgés les plus modestes</center></font></b>";above;allTrial;barre;0 0;;;;;;;;;-100_100_1;0;nsg:2;;23;;1;.bmp;1;;#000000;#FFFFFF;0 0;2517;0;0;1969573;50;18500;;50;VRAIE;41;VRAIE;FAUSSE;0;0
451;113;test;informationReception;;;"<b><font size=""6""><center>Les étrangers âgés les plus modestes, sous conditions, ont accès au même dispositif que les ressortissants Français âgés les plus modestes</center></font></b>";above;allTrial;<html>;0 0;Je souhaite recevoir le complément d'informations;Je ne souhaite pas recevoir le complément d'informations;1;2;WTPtoReceive_159;WTPnotToReceive_159;;below;;;;nsg:2;;23;;1;word;1;;#000000;#FFFFFF;0 0;;207;16.91;1970981;2;1392;;;;;;;
453;113;test;WTPnotToReceive;;;"<b><font size=""6""><center>Les étrangers âgés les plus modestes, sous conditions, ont accès au même dispositif que les ressortissants Français âgés les plus modestes</center></font></b>";above;allTrial;<html><center>Combien d'UME êtes-vous prêt(e) à payer pour ne pas recevoir le complément d'informations ?</center><br/><br/></html>;0 0;;;RT>1;endTrial159;WTPnotToReceive_159;below;;;0_25_1;0;nsg:2;;23;;1;word;1;;#000000;#FFFFFF;0 0;;0;0;1974712;5;3712;;5;;;;;;
485;130;test;informationEvaluation;ITI;2000_4000;"<b><font size=""6""><center>En 2019, le climat ambiant a favorisé le regain des partisans politiques du Parti Socialiste</center></font></b>";above;allTrial;barre;0 0;;;;;;;;;-100_100_1;0;nsg:2;;30;;1;.bmp;1;;#000000;#FFFFFF;0 0;3850;0;0;1996648;36;18011;;36;VRAIE;12;VRAIE;FAUSSE;0;0
486;130;test;informationReception;;;"<b><font size=""6""><center>En 2019, le climat ambiant a favorisé le regain des partisans politiques du Parti Socialiste</center></font></b>";above;allTrial;<html>;0 0;Je souhaite recevoir le complément d'informations;Je ne souhaite pas recevoir le complément d'informations;1;2;WTPtoReceive_174;WTPnotToReceive_174;;below;;;;nsg:2;;30;;1;word;1;;#000000;#FFFFFF;0 0;;0;NaN;1998655;2;1991;;;;;;;
488;130;test;WTPnotToReceive;;;"<b><font size=""6""><center>En 2019, le climat ambiant a favorisé le regain des partisans politiques du Parti Socialiste</center></font></b>";above;allTrial;<html><center>Combien d'UME êtes-vous prêt(e) à payer pour ne pas recevoir le complément d'informations ?</center><br/><br/></html>;0 0;;;RT>1;endTrial174;WTPnotToReceive_174;below;;;0_25_1;0;nsg:2;;30;;1;word;1;;#000000;#FFFFFF;0 0;;136;16.79;2000548;4;1874;;4;;;;;;
365;31;test;informationEvaluation;ITI;2000_4000;"<b><font size=""6""><center>Pour les mêmes calories, le régime moyen d'un grand carniste émet 4 fois plus de gaz à effet de serre que le régime moyen d'un végan</center></font></b>";above;allTrial;barre;0 0;;;;;;;;;-100_100_1;0;nsg:2;;6;;1;.bmp;1;;#000000;#FFFFFF;0 0;3600;0;0;2013768;-41;9533;;-41;FAUSSE;38;FAUSSE;VRAIE;0;0
366;31;test;informationReception;;;"<b><font size=""6""><center>Pour les mêmes calories, le régime moyen d'un grand carniste émet 4 fois plus de gaz à effet de serre que le régime moyen d'un végan</center></font></b>";above;allTrial;<html>;0 0;Je souhaite recevoir le complément d'informations;Je ne souhaite pas recevoir le complément d'informations;1;2;WTPtoReceive_122;WTPnotToReceive_122;;below;;;;nsg:2;;6;;1;word;1;;#000000;#FFFFFF;0 0;;0;0;2014889;2;1108;;;;;;;
368;31;test;WTPnotToReceive;;;"<b><font size=""6""><center>Pour les mêmes calories, le régime moyen d'un grand carniste émet 4 fois plus de gaz à effet de serre que le régime moyen d'un végan</center></font></b>";above;allTrial;<html><center>Combien d'UME êtes-vous prêt(e) à payer pour ne pas recevoir le complément d'informations ?</center><br/><br/></html>;0 0;;;RT>1;endTrial122;WTPnotToReceive_122;below;;;0_25_1;0;nsg:2;;6;;1;word;1;;#000000;#FFFFFF;0 0;;0;NaN;2016811;4;1907;;4;;;;;;
440;104;test;informationEvaluation;ITI;2000_4000;"<b><font size=""6""><center>Le président brésilien étudie la possibilité de supprimer les cursus de sociologie, de philosophie et des arts de la scène</center></font></b>";above;allTrial;barre;0 0;;;;;;;;;-100_100_1;0;nsg:2;;21;;1;.bmp;1;;#000000;#FFFFFF;0 0;2233;135;16.92;2035061;51;15837;;51;VRAIE;86;VRAIE;FAUSSE;0;0
441;104;test;informationReception;;;"<b><font size=""6""><center>Le président brésilien étudie la possibilité de supprimer les cursus de sociologie, de philosophie et des arts de la scène</center></font></b>";above;allTrial;<html>;0 0;Je souhaite recevoir le complément d'informations;Je ne souhaite pas recevoir le complément d'informations;1;2;WTPtoReceive_151;WTPnotToReceive_151;;below;;;;nsg:2;;21;;1;word;1;;#000000;#FFFFFF;0 0;;0;0;2036412;1;1332;;;;;;;
442;104;test;WTPtoReceive;;;"<b><font size=""6""><center>Le président brésilien étudie la possibilité de supprimer les cursus de sociologie, de philosophie et des arts de la scène</center></font></b>";above;allTrial;<html><center>Combien d'UME êtes-vous prêt(e) à payer pour recevoir le complément d'informations ?</center><br/><br/></html>;0 0;;;RT>1;endTrial151;WTPtoReceive_151;below;;;0_25_1;0;nsg:2;;21;;1;word;1;;#000000;#FFFFFF;0 0;;0;0;2038168;6;1738;;6;;;;;;
400;76;test;informationEvaluation;ITI;2000_4000;"<b><font size=""6""><center>L'Europe se modernise: ce sont, par exemple, deux femmes qui dirigent depuis 2019 la Commission européenne et la Banque centrale européenne </center></font></b>";above;allTrial;barre;0 0;;;;;;;;;-100_100_1;0;nsg:2;;13;;1;.bmp;1;;#000000;#FFFFFF;0 0;2100;0;NaN;2047921;55;7569;;55;VRAIE;82;VRAIE;VRAIE;1;1
401;76;test;informationReception;;;"<b><font size=""6""><center>L'Europe se modernise: ce sont, par exemple, deux femmes qui dirigent depuis 2019 la Commission européenne et la Banque centrale européenne </center></font></b>";above;allTrial;<html>;0 0;Je souhaite recevoir le complément d'informations;Je ne souhaite pas recevoir le complément d'informations;1;2;WTPtoReceive_129;WTPnotToReceive_129;;below;;;;nsg:2;;13;;1;word;1;;#000000;#FFFFFF;0 0;;218;16.67;2049244;2;1311;;;;;;;
403;76;test;WTPnotToReceive;;;"<b><font size=""6""><center>L'Europe se modernise: ce sont, par exemple, deux femmes qui dirigent depuis 2019 la Commission européenne et la Banque centrale européenne </center></font></b>";above;allTrial;<html><center>Combien d'UME êtes-vous prêt(e) à payer pour ne pas recevoir le complément d'informations ?</center><br/><br/></html>;0 0;;;RT>1;endTrial129;WTPnotToReceive_129;below;;;0_25_1;0;nsg:2;;13;;1;word;1;;#000000;#FFFFFF;0 0;;0;0;2051705;12;2446;;12;;;;;;
510;161;test;informationEvaluation;ITI;2000_4000;"<b><font size=""6""><center>Neuf pays de l'Union européenne comptent désormais un parti d'extrême-droite au gouvernement</center></font></b>";above;allTrial;barre;0 0;;;;;;;;;-100_100_1;0;nsg:2;;35;;1;.bmp;1;;#000000;#FFFFFF;0 0;3883;0;0;2066829;25;11154;;25;VRAIE;73;VRAIE;FAUSSE;0;0
511;161;test;informationReception;;;"<b><font size=""6""><center>Neuf pays de l'Union européenne comptent désormais un parti d'extrême-droite au gouvernement</center></font></b>";above;allTrial;<html>;0 0;Je souhaite recevoir le complément d'informations;Je ne souhaite pas recevoir le complément d'informations;1;2;WTPtoReceive_180;WTPnotToReceive_180;;below;;;;nsg:2;;35;;1;word;1;;#000000;#FFFFFF;0 0;;0;NaN;2068547;1;1703;;;;;;;
512;161;test;WTPtoReceive;;;"<b><font size=""6""><center>Neuf pays de l'Union européenne comptent désormais un parti d'extrême-droite au gouvernement</center></font></b>";above;allTrial;<html><center> Combien d'UME êtes-vous prêt(e) à payer pour recevoir le complément d'informations ?</center><br/><br/></html>;0 0;;;RT>1;endTrial180;WTPtoReceive_180;below;;;0_25_1;0;nsg:2;;35;;1;word;1;;#000000;#FFFFFF;0 0;;143;17.14;2070985;6;2423;;6;;;;;;
445;109;test;informationEvaluation;ITI;2000_4000;"<b><font size=""6""><center>Le Congrès américain s’apprête à reconnaître le lynchage comme un crime fédéral, après plus d’un siècle de débats</center></font></b>";above;allTrial;barre;0 0;;;;;;;;;-100_100_1;0;nsg:2;;22;;1;.bmp;1;;#000000;#FFFFFF;0 0;3183;0;0;2081209;36;6957;;36;VRAIE;0;VRAIE;VRAIE;1;1
446;109;test;informationReception;;;"<b><font size=""6""><center>Le Congrès américain s’apprête à reconnaître le lynchage comme un crime fédéral, après plus d’un siècle de débats</center></font></b>";above;allTrial;<html>;0 0;Je souhaite recevoir le complément d'informations;Je ne souhaite pas recevoir le complément d'informations;1;2;WTPtoReceive_157;WTPnotToReceive_157;;below;;;;nsg:2;;22;;1;word;1;;#000000;#FFFFFF;0 0;;0;0;2083421;2;2202;;;;;;;
448;109;test;WTPnotToReceive;;;"<b><font size=""6""><center>Le Congrès américain s’apprête à reconnaître le lynchage comme un crime fédéral, après plus d’un siècle de débats</center></font></b>";above;allTrial;<html><center>Combien d'UME êtes-vous prêt(e) à payer pour ne pas recevoir le complément d'informations ?</center><br/><br/></html>;0 0;;;RT>1;endTrial157;WTPnotToReceive_157;below;;;0_25_1;0;nsg:2;;22;;1;word;1;;#000000;#FFFFFF;0 0;;0;NaN;2086605;6;3169;;6;;;;;;
355;23;test;informationEvaluation;ITI;2000_4000;"<b><font size=""6""><center>La ville de Paris a déclaré l'urgence climatique le 9 juillet 2019</center></font></b>";above;allTrial;barre;0 0;;;;;;;;;-100_100_1;0;nsg:2;;4;;1;.bmp;1;;#000000;#FFFFFF;0 0;3933;174;16.96;2098509;47;7861;;47;VRAIE;93;VRAIE;VRAIE;1;1
356;23;test;informationReception;;;"<b><font size=""6""><center>La ville de Paris a déclaré l'urgence climatique le 9 juillet 2019</center></font></b>";above;allTrial;<html>;0 0;Je souhaite recevoir le complément d'informations;Je ne souhaite pas recevoir le complément d'informations;1;2;WTPtoReceive_119;WTPnotToReceive_119;;below;;;;nsg:2;;4;;1;word;1;;#000000;#FFFFFF;0 0;;0;0;2100336;2;1814;;;;;;;
358;23;test;WTPnotToReceive;;;"<b><font size=""6""><center>La ville de Paris a déclaré l'urgence climatique le 9 juillet 2019</center></font></b>";above;allTrial;<html><center> Combien d'UME êtes-vous prêt(e) à payer pour ne pas recevoir le complément d'informations ?</center><br/><br/></html>;0 0;;;RT>1;endTrial119;WTPnotToReceive_119;below;;;0_25_1;0;nsg:2;;4;;1;word;1;;#000000;#FFFFFF;0 0;;0;0;2102767;13;2416;;13;;;;;;
525;176;test;informationEvaluation;ITI;2000_4000;"<b><font size=""6""><center>La forêt amazonienne produit “environ 9%” de l’oxygène de la planète</center></font></b>";above;allTrial;barre;0 0;;;;;;;;;-100_100_1;0;nsg:2;;38;;1;.bmp;1;;#000000;#FFFFFF;0 0;2667;0;NaN;2121707;-44;16155;;-44;FAUSSE;37;FAUSSE;VRAIE;0;0
526;176;test;informationReception;;;"<b><font size=""6""><center>La forêt amazonienne produit “environ 9%” de l’oxygène de la planète</center></font></b>";above;allTrial;<html>;0 0;Je souhaite recevoir le complément d'informations;Je ne souhaite pas recevoir le complément d'informations;1;2;WTPtoReceive_184;WTPnotToReceive_184;;below;;;;nsg:2;;38;;1;word;1;;#000000;#FFFFFF;0 0;;204;17.49;2123700;2;1975;;;;;;;
528;176;test;WTPnotToReceive;;;"<b><font size=""6""><center>La forêt amazonienne produit “environ 9%” de l’oxygène de la planète</center></font></b>";above;allTrial;<html><center>Combien d'UME êtes-vous prêt(e) à payer pour ne pas recevoir le complément d'informations ?</center><br/><br/></html>;0 0;;;RT>1;endTrial184;WTPnotToReceive_184;below;;;0_25_1;0;nsg:2;;38;;1;word;1;;#000000;#FFFFFF;0 0;;0;0;2127233;5;3514;;5;;;;;;
405;80;test;informationEvaluation;ITI;2000_4000;"<b><font size=""6""><center>Un homme sur six serait victime de violences conjugales</center></font></b>";above;allTrial;barre;0 0;;;;;;;;;-100_100_1;0;nsg:2;;14;;1;.bmp;1;;#000000;#FFFFFF;0 0;3233;0;0;2136204;44;5637;;44;VRAIE;51;FAUSSE;FAUSSE;0;1
406;80;test;informationReception;;;"<b><font size=""6""><center>Un homme sur six serait victime de violences conjugales</center></font></b>";above;allTrial;<html>;0 0;Je souhaite recevoir le complément d'informations;Je ne souhaite pas recevoir le complément d'informations;1;2;WTPtoReceive_130;WTPnotToReceive_130;;below;;;;nsg:2;;14;;1;word;1;;#000000;#FFFFFF;0 0;;0;NaN;2137566;2;1350;;;;;;;
408;80;test;WTPnotToReceive;;;"<b><font size=""6""><center>Un homme sur six serait victime de violences conjugales</center></font></b>";above;allTrial;<html><center>Combien d'UME êtes-vous prêt(e) à payer pour ne pas recevoir le complément d'informations ?</center><br/><br/></html>;0 0;;;RT>1;endTrial130;WTPnotToReceive_130;below;;;0_25_1;0;nsg:2;;14;;1;word;1;;#000000;#FFFFFF;0 0;;168;16.87;2142211;10;4630;;10;;;;;;
470;124;test;informationEvaluation;ITI;2000_4000;"<b><font size=""6""><center>Les partis eurosceptiques sont en bonne voie pour devenir le deuxième plus grand groupe politique au Parlement</center></font></b>";above;allTrial;barre;0 0;;;;;;;;;-100_100_1;0;nsg:2;;27;;1;.bmp;1;;#000000;#FFFFFF;0 0;3733;0;0;2154304;-28;8281;;-28;FAUSSE;78;VRAIE;FAUSSE;1;0
471;124;test;informationReception;;;"<b><font size=""6""><center>Les partis eurosceptiques sont en bonne voie pour devenir le deuxième plus grand groupe politique au Parlement</center></font></b>";above;allTrial;<html>;0 0;Je souhaite recevoir le complément d'informations;Je ne souhaite pas recevoir le complément d'informations;1;2;WTPtoReceive_164;WTPnotToReceive_164;;below;;;;nsg:2;;27;;1;word;1;;#000000;#FFFFFF;0 0;;0;0;2155946;1;1632;;;;;;;
472;124;test;WTPtoReceive;;;"<b><font size=""6""><center>Les partis eurosceptiques sont en bonne voie pour devenir le deuxième plus grand groupe politique au Parlement</center></font></b>";above;allTrial;<html><center> Combien d'UME êtes-vous prêt(e) à payer pour recevoir le complément d'informations ?</center><br/><br/></html>;0 0;;;RT>1;endTrial164;WTPtoReceive_164;below;;;0_25_1;0;nsg:2;;27;;1;word;1;;#000000;#FFFFFF;0 0;;0;NaN;2158566;4;2607;;4;;;;;;
395;74;test;informationEvaluation;ITI;2000_4000;"<b><font size=""6""><center>L'autorisation de la gestation pour autrui a été récemment signée grâce à la nouvelle loi sur la bioéthique</center></font></b>";above;allTrial;barre;0 0;;;;;;;;;-100_100_1;0;nsg:2;;12;;1;.bmp;1;;#000000;#FFFFFF;0 0;3983;172;18.12;2175394;53;12779;;53;VRAIE;48;VRAIE;FAUSSE;0;0
396;74;test;informationReception;;;"<b><font size=""6""><center>L'autorisation de la gestation pour autrui a été récemment signée grâce à la nouvelle loi sur la bioéthique</center></font></b>";above;allTrial;<html>;0 0;Je souhaite recevoir le complément d'informations;Je ne souhaite pas recevoir le complément d'informations;1;2;WTPtoReceive_128;WTPnotToReceive_128;;below;;;;nsg:2;;12;;1;word;1;;#000000;#FFFFFF;0 0;;0;0;2176625;2;1216;;;;;;;
398;74;test;WTPnotToReceive;;;"<b><font size=""6""><center>L'autorisation de la gestation pour autrui a été récemment signée grâce à la nouvelle loi sur la bioéthique</center></font></b>";above;allTrial;<html><center> Combien d'UME êtes-vous prêt(e) à payer pour ne pas recevoir le complément d'informations ?</center><br/><br/></html>;0 0;;;RT>1;endTrial128;WTPnotToReceive_128;below;;;0_25_1;0;nsg:2;;12;;1;word;1;;#000000;#FFFFFF;0 0;;0;0;2179200;7;2558;;7;;;;;;
520;165;test;informationEvaluation;ITI;2000_4000;"<b><font size=""6""><center>La France devient le cinquième pays à concrètement interdire l'exploitation des ressources fossiles au moyen d'un texte de loi</center></font></b>";above;allTrial;barre;0 0;;;;;;;;;-100_100_1;0;nsg:2;;37;;1;.bmp;1;;#000000;#FFFFFF;0 0;2083;0;NaN;2196733;32;15365;;32;VRAIE;1;VRAIE;FAUSSE;0;0
521;165;test;informationReception;;;"<b><font size=""6""><center>La France devient le cinquième pays à concrètement interdire l'exploitation des ressources fossiles au moyen d'un texte de loi</center></font></b>";above;allTrial;<html>;0 0;Je souhaite recevoir le complément d'informations;Je ne souhaite pas recevoir le complément d'informations;1;2;WTPtoReceive_182;WTPnotToReceive_182;;below;;;;nsg:2;;37;;1;word;1;;#000000;#FFFFFF;0 0;;121;18.32;2198168;2;1419;;;;;;;
523;165;test;WTPnotToReceive;;;"<b><font size=""6""><center>La France devient le cinquième pays à concrètement interdire l'exploitation des ressources fossiles au moyen d'un texte de loi</center></font></b>";above;allTrial;<html><center>Combien d'UME êtes-vous prêt(e) à payer pour ne pas recevoir le complément d'informations ?</center><br/><br/></html>;0 0;;;RT>1;endTrial182;WTPnotToReceive_182;below;;;0_25_1;0;nsg:2;;37;;1;word;1;;#000000;#FFFFFF;0 0;;0;0;2200141;6;1957;;6;;;;;;
435;103;test;informationEvaluation;ITI;2000_4000;"<b><font size=""6""><center>Dans l'état de New York, le Reproductive Health Act permet désormais à toute femme d'avorter après 24 semaines et jusqu’au terme</center></font></b>";above;allTrial;barre;0 0;;;;;;;;;-100_100_1;0;nsg:2;;20;;1;.bmp;1;;#000000;#FFFFFF;0 0;2817;0;0;2211944;39;8903;;39;VRAIE;36;VRAIE;VRAIE;1;1
436;103;test;informationReception;;;"<b><font size=""6""><center>Dans l'état de New York, le Reproductive Health Act permet désormais à toute femme d'avorter après 24 semaines et jusqu’au terme</center></font></b>";above;allTrial;<html>;0 0;Je souhaite recevoir le complément d'informations;Je ne souhaite pas recevoir le complément d'informations;1;2;WTPtoReceive_147;WTPnotToReceive_147;;below;;;;nsg:2;;20;;1;word;1;;#000000;#FFFFFF;0 0;;0;NaN;2213522;2;1565;;;;;;;
438;103;test;WTPnotToReceive;;;"<b><font size=""6""><center>Dans l'état de New York, le Reproductive Health Act permet désormais à toute femme d'avorter après 24 semaines et jusqu’au terme</center></font></b>";above;allTrial;<html><center> Combien d'UME êtes-vous prêt(e) à payer pour ne pas recevoir le complément d'informations ?</center><br/><br/></html>;0 0;;;RT>1;endTrial147;WTPnotToReceive_147;below;;;0_25_1;0;nsg:2;;20;;1;word;1;;#000000;#FFFFFF;0 0;;161;18.53;2215391;7;1855;;7;;;;;;
375;39;test;informationEvaluation;ITI;2000_4000;"<b><font size=""6""><center>Les déchets nucléaires jetés volontairement ou non au fond des océans sont, pour le moment, appelés à y rester</center></font></b>";above;allTrial;barre;0 0;;;;;;;;;-100_100_1;0;nsg:2;;8;;1;.bmp;1;;#000000;#FFFFFF;0 0;2217;0;0;2229208;42;11488;;42;VRAIE;50;VRAIE;VRAIE;1;1
376;39;test;informationReception;;;"<b><font size=""6""><center>Les déchets nucléaires jetés volontairement ou non au fond des océans sont, pour le moment, appelés à y rester</center></font></b>";above;allTrial;<html>;0 0;Je souhaite recevoir le complément d'informations;Je ne souhaite pas recevoir le complément d'informations;1;2;WTPtoReceive_124;WTPnotToReceive_124;;below;;;;nsg:2;;8;;1;word;1;;#000000;#FFFFFF;0 0;;0;0;2230168;2;946;;;;;;;
378;39;test;WTPnotToReceive;;;"<b><font size=""6""><center>Les déchets nucléaires jetés volontairement ou non au fond des océans sont, pour le moment, appelés à y rester</center></font></b>";above;allTrial;<html><center>Combien d'UME êtes-vous prêt(e) à payer pour ne pas recevoir le complément d'informations ?</center><br/><br/></html>;0 0;;;RT>1;endTrial124;WTPnotToReceive_124;below;;;0_25_1;0;nsg:2;;8;;1;word;1;;#000000;#FFFFFF;0 0;;0;NaN;2233136;6;2955;;6;;;;;;
370;34;test;informationEvaluation;ITI;2000_4000;"<b><font size=""6""><center>Il ne faut pas faire la promotion du zéro viande. L’élevage peut maintenir les prairies et la biodiversité, et donc stocker du carbone</center></font></b>";above;allTrial;barre;0 0;;;;;;;;;-100_100_1;0;nsg:2;;7;;1;.bmp;1;;#000000;#FFFFFF;0 0;2067;169;17.36;2247807;52;12475;;52;VRAIE;27;VRAIE;VRAIE;1;1
371;34;test;informationReception;;;"<b><font size=""6""><center>Il ne faut pas faire la promotion du zéro viande. L’élevage peut maintenir les prairies et la biodiversité, et donc stocker du carbone</center></font></b>";above;allTrial;<html>;0 0;Je souhaite recevoir le complément d'informations;Je ne souhaite pas recevoir le complément d'informations;1;2;WTPtoReceive_123;WTPnotToReceive_123;;below;;;;nsg:2;;7;;1;word;1;;#000000;#FFFFFF;0 0;;0;0;2248949;2;1126;;;;;;;
373;34;test;WTPnotToReceive;;;"<b><font size=""6""><center>Il ne faut pas faire la promotion du zéro viande. L’élevage peut maintenir les prairies et la biodiversité, et donc stocker du carbone</center></font></b>";above;allTrial;<html><center>Combien d'UME êtes-vous prêt(e) à payer pour ne pas recevoir le complément d'informations ?</center><br/><br/></html>;0 0;;;RT>1;endTrial123;WTPnotToReceive_123;below;;;0_25_1;0;nsg:2;;7;;1;word;1;;#000000;#FFFFFF;0 0;;0;0;2253748;10;4784;;10;;;;;;
390;70;test;informationEvaluation;ITI;2000_4000;"<b><font size=""6""><center>La télévision a été introduite dans les prisons en 1985 par Robert Badinter. Elle l'a été avec un objectif de gratuité</center></font></b>";above;allTrial;barre;0 0;;;;;;;;;-100_100_1;0;nsg:2;;11;;1;.bmp;1;;#000000;#FFFFFF;0 0;3600;0;NaN;2267176;49;9768;;49;VRAIE;7;VRAIE;VRAIE;1;1
391;70;test;informationReception;;;"<b><font size=""6""><center>La télévision a été introduite dans les prisons en 1985 par Robert Badinter. Elle l'a été avec un objectif de gratuité</center></font></b>";above;allTrial;<html>;0 0;Je souhaite recevoir le complément d'informations;Je ne souhaite pas recevoir le complément d'informations;1;2;WTPtoReceive_127;WTPnotToReceive_127;;below;;;;nsg:2;;11;;1;word;1;;#000000;#FFFFFF;0 0;;208;18.19;2268325;2;1136;;;;;;;
393;70;test;WTPnotToReceive;;;"<b><font size=""6""><center>La télévision a été introduite dans les prisons en 1985 par Robert Badinter. Elle l'a été avec un objectif de gratuité</center></font></b>";above;allTrial;<html><center> Combien d'UME êtes-vous prêt(e) à payer pour ne pas recevoir le complément d'informations ?</center><br/><br/></html>;0 0;;;RT>1;endTrial127;WTPnotToReceive_127;below;;;0_25_1;0;nsg:2;;11;;1;word;1;;#000000;#FFFFFF;0 0;;0;0;2270104;10;1766;;10;;;;;;
495;145;test;informationEvaluation;ITI;2000_4000;"<b><font size=""6""><center>Le Conseil de Genève des droits de l'homme a le soutien de l'Institut Francophone pour les libertés dans ses recommandations démocratiques</center></font></b>";above;allTrial;barre;0 0;;;;;;;;;-100_100_1;0;nsg:2;;32;;1;.bmp;1;;#000000;#FFFFFF;0 0;2217;0;0;2284196;-42;11786;;-42;FAUSSE;30;FAUSSE;VRAIE;0;0
496;145;test;informationReception;;;"<b><font size=""6""><center>Le Conseil de Genève des droits de l'homme a le soutien de l'Institut Francophone pour les libertés dans ses recommandations démocratiques</center></font></b>";above;allTrial;<html>;0 0;Je souhaite recevoir le complément d'informations;Je ne souhaite pas recevoir le complément d'informations;1;2;WTPtoReceive_177;WTPnotToReceive_177;;below;;;;nsg:2;;32;;1;word;1;;#000000;#FFFFFF;0 0;;0;NaN;2285382;2;1172;;;;;;;
498;145;test;WTPnotToReceive;;;"<b><font size=""6""><center>Le Conseil de Genève des droits de l'homme a le soutien de l'Institut Francophone pour les libertés dans ses recommandations démocratiques</center></font></b>";above;allTrial;<html><center>Combien d'UME êtes-vous prêt(e) à payer pour ne pas recevoir le complément d'informations ?</center><br/><br/></html>;0 0;;;RT>1;endTrial177;WTPnotToReceive_177;below;;;0_25_1;0;nsg:2;;32;;1;word;1;;#000000;#FFFFFF;0 0;;212;17.14;2287989;3;2592;;3;;;;;;
515;164;test;informationEvaluation;ITI;2000_4000;"<b><font size=""6""><center>En France, chaque année, on compte entre quarante à cinquante le nombre de personnes victimes de la police y laissant la vie</center></font></b>";above;allTrial;barre;0 0;;;;;;;;;-100_100_1;0;nsg:2;;36;;1;.bmp;1;;#000000;#FFFFFF;0 0;3917;0;0;2304049;50;12061;;50;VRAIE;89;VRAIE;VRAIE;1;1
516;164;test;informationReception;;;"<b><font size=""6""><center>En France, chaque année, on compte entre quarante à cinquante le nombre de personnes victimes de la police y laissant la vie</center></font></b>";above;allTrial;<html>;0 0;Je souhaite recevoir le complément d'informations;Je ne souhaite pas recevoir le complément d'informations;1;2;WTPtoReceive_181;WTPnotToReceive_181;;below;;;;nsg:2;;36;;1;word;1;;#000000;#FFFFFF;0 0;;0;0;2305355;1;1291;;;;;;;
517;164;test;WTPtoReceive;;;"<b><font size=""6""><center>En France, chaque année, on compte entre quarante à cinquante le nombre de personnes victimes de la police y laissant la vie</center></font></b>";above;allTrial;<html><center> Combien d'UME êtes-vous prêt(e) à payer pour recevoir le complément d'informations ?</center><br/><br/></html>;0 0;;;RT>1;endTrial181;WTPtoReceive_181;below;;;0_25_1;0;nsg:2;;36;;1;word;1;;#000000;#FFFFFF;0 0;;0;NaN;2307526;3;2156;;3;;;;;;
545;187;test;informationEvaluation;ITI;2000_4000;"<b><font size=""6""><center>Depuis le 1er janvier 2019, l’utilisation des pesticides est interdite dans les espaces publics et chez les particuliers</center></font></b>";above;allTrial;barre;0 0;;;;;;;;;-100_100_1;0;nsg:2;;42;;1;.bmp;1;;#000000;#FFFFFF;0 0;3450;194;18.22;2321448;50;10398;;50;VRAIE;80;FAUSSE;VRAIE;1;0
546;187;test;informationReception;;;"<b><font size=""6""><center>Depuis le 1er janvier 2019, l’utilisation des pesticides est interdite dans les espaces publics et chez les particuliers</center></font></b>";above;allTrial;<html>;0 0;Je souhaite recevoir le complément d'informations;Je ne souhaite pas recevoir le complément d'informations;1;2;WTPtoReceive_192;WTPnotToReceive_192;;below;;;;nsg:2;;42;;1;word;1;;#000000;#FFFFFF;0 0;;0;0;2323203;2;1741;;;;;;;
548;187;test;WTPnotToReceive;;;"<b><font size=""6""><center>Depuis le 1er janvier 2019, l’utilisation des pesticides est interdite dans les espaces publics et chez les particuliers</center></font></b>";above;allTrial;<html><center> Combien d'UME êtes-vous prêt(e) à payer pour ne pas recevoir le complément d'informations ?</center><br/><br/></html>;0 0;;;RT>1;endTrial192;WTPnotToReceive_192;below;;;0_25_1;0;nsg:2;;42;;1;word;1;;#000000;#FFFFFF;0 0;;0;0;2326130;8;2911;;8;;;;;;
555;192;test;informationEvaluation;ITI;2000_4000;"<b><font size=""6""><center>Les émissions françaises de gaz à effet de serre atteignaient 605 millions de tonnes en 2005 et 445 millions en 2018</center></font></b>";above;allTrial;barre;0 0;;;;;;;;;-100_100_1;0;nsg:2;;44;;1;.bmp;1;;#000000;#FFFFFF;0 0;3783;0;NaN;2337910;36;7895;;36;VRAIE;72;VRAIE;FAUSSE;0;0
556;192;test;informationReception;;;"<b><font size=""6""><center>Les émissions françaises de gaz à effet de serre atteignaient 605 millions de tonnes en 2005 et 445 millions en 2018</center></font></b>";above;allTrial;<html>;0 0;Je souhaite recevoir le complément d'informations;Je ne souhaite pas recevoir le complément d'informations;1;2;WTPtoReceive_203;WTPnotToReceive_203;;below;;;;nsg:2;;44;;1;word;1;;#000000;#FFFFFF;0 0;;170;18.63;2338999;1;1075;;;;;;;
557;192;test;WTPtoReceive;;;"<b><font size=""6""><center>Les émissions françaises de gaz à effet de serre atteignaient 605 millions de tonnes en 2005 et 445 millions en 2018</center></font></b>";above;allTrial;<html><center> Combien d'UME êtes-vous prêt(e) à payer pour recevoir le complément d'informations ?</center><br/><br/></html>;0 0;;;RT>1;endTrial203;WTPtoReceive_203;below;;;0_25_1;0;nsg:2;;44;;1;word;1;;#000000;#FFFFFF;0 0;;0;0;2341847;3;2833;;3;;;;;;
490;139;test;informationEvaluation;ITI;2000_4000;"<b><font size=""6""><center>Le Kremlin a manipulé les propos de Macron après la conférence de presse avec Poutine </center></font></b>";above;allTrial;barre;0 0;;;;;;;;;-100_100_1;0;nsg:2;;31;;1;.bmp;1;;#000000;#FFFFFF;0 0;2783;0;0;2353222;-42;8420;;-42;FAUSSE;43;FAUSSE;FAUSSE;1;1
491;139;test;informationReception;;;"<b><font size=""6""><center>Le Kremlin a manipulé les propos de Macron après la conférence de presse avec Poutine </center></font></b>";above;allTrial;<html>;0 0;Je souhaite recevoir le complément d'informations;Je ne souhaite pas recevoir le complément d'informations;1;2;WTPtoReceive_176;WTPnotToReceive_176;;below;;;;nsg:2;;31;;1;word;1;;#000000;#FFFFFF;0 0;;0;NaN;2354591;2;1356;;;;;;;
493;139;test;WTPnotToReceive;;;"<b><font size=""6""><center>Le Kremlin a manipulé les propos de Macron après la conférence de presse avec Poutine </center></font></b>";above;allTrial;<html><center>Combien d'UME êtes-vous prêt(e) à payer pour ne pas recevoir le complément d'informations ?</center><br/><br/></html>;0 0;;;RT>1;endTrial176;WTPnotToReceive_176;below;;;0_25_1;0;nsg:2;;31;;1;word;1;;#000000;#FFFFFF;0 0;;134;18.78;2356211;10;1603;;10;;;;;;
360;28;test;informationEvaluation;ITI;2000_4000;"<b><font size=""6""><center>Le Conseil Supérieur des Programmes auditionne aussi des climatosceptiques pour ses recommandations à l'enseignement du climat à l'école</center></font></b>";above;allTrial;barre;0 0;;;;;;;;;-100_100_1;0;nsg:2;;5;;1;.bmp;1;;#000000;#FFFFFF;0 0;3183;0;0;2372020;36;12492;;36;VRAIE;10;VRAIE;FAUSSE;0;0
361;28;test;informationReception;;;"<b><font size=""6""><center>Le Conseil Supérieur des Programmes auditionne aussi des climatosceptiques pour ses recommandations à l'enseignement du climat à l'école</center></font></b>";above;allTrial;<html>;0 0;Je souhaite recevoir le complément d'informations;Je ne souhaite pas recevoir le complément d'informations;1;2;WTPtoReceive_120;WTPnotToReceive_120;;below;;;;nsg:2;;5;;1;word;1;;#000000;#FFFFFF;0 0;;0;0;2373139;1;1104;;;;;;;
362;28;test;WTPtoReceive;;;"<b><font size=""6""><center>Le Conseil Supérieur des Programmes auditionne aussi des climatosceptiques pour ses recommandations à l'enseignement du climat à l'école</center></font></b>";above;allTrial;<html><center>Combien d'UME êtes-vous prêt(e) à payer pour recevoir le complément d'informations ?</center><br/><br/></html>;0 0;;;RT>1;endTrial120;WTPtoReceive_120;below;;;0_25_1;0;nsg:2;;5;;1;word;1;;#000000;#FFFFFF;0 0;;0;NaN;2374823;4;1670;;4;;;;;;
560;194;test;informationEvaluation;ITI;2000_4000;"<b><font size=""6""><center>La nouvelle application mobile de prise de notes Gendnotes, à destination des gendarmes, est un outil qui permet le fichage politique</center></font></b>";above;allTrial;barre;0 0;;;;;;;;;-100_100_1;0;nsg:2;;45;;1;.bmp;1;;#000000;#FFFFFF;0 0;3267;204;18.88;2394048;-49;15843;;-49;FAUSSE;69;VRAIE;FAUSSE;1;0
561;194;test;informationReception;;;"<b><font size=""6""><center>La nouvelle application mobile de prise de notes Gendnotes, à destination des gendarmes, est un outil qui permet le fichage politique</center></font></b>";above;allTrial;<html>;0 0;Je souhaite recevoir le complément d'informations;Je ne souhaite pas recevoir le complément d'informations;1;2;WTPtoReceive_205;WTPnotToReceive_205;;below;;;;nsg:2;;45;;1;word;1;;#000000;#FFFFFF;0 0;;0;0;2395239;2;1176;;;;;;;
563;194;test;WTPnotToReceive;;;"<b><font size=""6""><center>La nouvelle application mobile de prise de notes Gendnotes, à destination des gendarmes, est un outil qui permet le fichage politique</center></font></b>";above;allTrial;<html><center>Combien d'UME êtes-vous prêt(e) à payer pour ne pas recevoir le complément d'informations ?</center><br/><br/></html>;0 0;;;RT>1;endTrial205;WTPnotToReceive_205;below;;;0_25_1;0;nsg:2;;45;;1;word;1;;#000000;#FFFFFF;0 0;;0;0;2397446;7;2189;;7;;;;;;
350;18;test;informationEvaluation;ITI;2000_4000;"<b><font size=""6""><center>La France est devenue le principal pollueur en Méditerranée</center></font></b>";above;allTrial;barre;0 0;;;;;;;;;-100_100_1;0;nsg:2;;3;;1;.bmp;1;;#000000;#FFFFFF;0 0;2650;0;NaN;2410926;-45;10674;;-45;FAUSSE;39;FAUSSE;FAUSSE;1;1
351;18;test;informationReception;;;"<b><font size=""6""><center>La France est devenue le principal pollueur en Méditerranée</center></font></b>";above;allTrial;<html>;0 0;Je souhaite recevoir le complément d'informations;Je ne souhaite pas recevoir le complément d'informations;1;2;WTPtoReceive_118;WTPnotToReceive_118;;below;;;;nsg:2;;3;;1;word;1;;#000000;#FFFFFF;0 0;;189;19.05;2412736;2;1798;;;;;;;
353;18;test;WTPnotToReceive;;;"<b><font size=""6""><center>La France est devenue le principal pollueur en Méditerranée</center></font></b>";above;allTrial;<html><center> Combien d'UME êtes-vous prêt(e) à payer pour ne pas recevoir le complément d'informations ?</center><br/><br/></html>;0 0;;;RT>1;endTrial118;WTPnotToReceive_118;below;;;0_25_1;0;nsg:2;;3;;1;word;1;;#000000;#FFFFFF;0 0;;0;0;2414643;8;1892;;8;;;;;;
565;205;test;informationEvaluation;ITI;2000_4000;"<b><font size=""6""><center>Le gouvernement promet, via l'application ALICEM, une identité numérique accessible à partir de son smartphone</center></font></b>";above;allTrial;barre;0 0;;;;;;;;;-100_100_1;0;nsg:2;;46;;1;.bmp;1;;#000000;#FFFFFF;0 0;2867;0;0;2427771;53;10149;;53;VRAIE;61;FAUSSE;VRAIE;1;0
566;205;test;informationReception;;;"<b><font size=""6""><center>Le gouvernement promet, via l'application ALICEM, une identité numérique accessible à partir de son smartphone</center></font></b>";above;allTrial;<html>;0 0;Je souhaite recevoir le complément d'informations;Je ne souhaite pas recevoir le complément d'informations;1;2;WTPtoReceive_206;WTPnotToReceive_206;;below;;;;nsg:2;;46;;1;word;1;;#000000;#FFFFFF;0 0;;0;NaN;2428748;1;963;;;;;;;
567;205;test;WTPtoReceive;;;"<b><font size=""6""><center>Le gouvernement promet, via l'application ALICEM, une identité numérique accessible à partir de son smartphone</center></font></b>";above;allTrial;<html><center>Combien d'UME êtes-vous prêt(e) à payer pour recevoir le complément d'informations ?</center><br/><br/></html>;0 0;;;RT>1;endTrial206;WTPtoReceive_206;below;;;0_25_1;0;nsg:2;;46;;1;word;1;;#000000;#FFFFFF;0 0;;118;18.93;2431733;5;2970;;5;;;;;;
420;90;test;informationEvaluation;ITI;2000_4000;"<b><font size=""6""><center>La réforme pour une ""justice du XXIe siècle"" simplifiera le changement d’état civil des personnes transgenres et transsexuelles</center></font></b>";above;allTrial;barre;0 0;;;;;;;;;-100_100_1;0;nsg:2;;17;;1;.bmp;1;;#000000;#FFFFFF;0 0;3750;0;0;2446773;49;11203;;49;VRAIE;33;VRAIE;FAUSSE;0;0
421;90;test;informationReception;;;"<b><font size=""6""><center>La réforme pour une ""justice du XXIe siècle"" simplifiera le changement d’état civil des personnes transgenres et transsexuelles</center></font></b>";above;allTrial;<html>;0 0;Je souhaite recevoir le complément d'informations;Je ne souhaite pas recevoir le complément d'informations;1;2;WTPtoReceive_139;WTPnotToReceive_139;;below;;;;nsg:2;;17;;1;word;1;;#000000;#FFFFFF;0 0;;0;0;2448114;2;1327;;;;;;;
423;90;test;WTPnotToReceive;;;"<b><font size=""6""><center>La réforme pour une ""justice du XXIe siècle"" simplifiera le changement d’état civil des personnes transgenres et transsexuelles</center></font></b>";above;allTrial;<html><center> Combien d'UME êtes-vous prêt(e) à payer pour ne pas recevoir le complément d'informations ?</center><br/><br/></html>;0 0;;;RT>1;endTrial139;WTPnotToReceive_139;below;;;0_25_1;0;nsg:2;;17;;1;word;1;;#000000;#FFFFFF;0 0;;0;NaN;2450154;10;2026;;10;;;;;;
465;122;test;informationEvaluation;ITI;2000_4000;"<b><font size=""6""><center>Il est commun en Europe de voter en classant les candidats par ordre de préférence</center></font></b>";above;allTrial;barre;0 0;;;;;;;;;-100_100_1;0;nsg:2;;26;;1;.bmp;1;;#000000;#FFFFFF;0 0;3117;110;19.09;2463538;52;10193;;52;VRAIE;69;FAUSSE;FAUSSE;0;1
466;122;test;informationReception;;;"<b><font size=""6""><center>Il est commun en Europe de voter en classant les candidats par ordre de préférence</center></font></b>";above;allTrial;<html>;0 0;Je souhaite recevoir le complément d'informations;Je ne souhaite pas recevoir le complément d'informations;1;2;WTPtoReceive_163;WTPnotToReceive_163;;below;;;;nsg:2;;26;;1;word;1;;#000000;#FFFFFF;0 0;;0;0;2466440;2;2891;;;;;;;
468;122;test;WTPnotToReceive;;;"<b><font size=""6""><center>Il est commun en Europe de voter en classant les candidats par ordre de préférence</center></font></b>";above;allTrial;<html><center> Combien d'UME êtes-vous prêt(e) à payer pour ne pas recevoir le complément d'informations ?</center><br/><br/></html>;0 0;;;RT>1;endTrial163;WTPnotToReceive_163;below;;;0_25_1;0;nsg:2;;26;;1;word;1;;#000000;#FFFFFF;0 0;;0;0;2468389;12;1933;;12;;;;;;
425;93;test;informationEvaluation;ITI;2000_4000;"<b><font size=""6""><center>Le terme de ""féminicide"" a une utilité sur le plan juridique mais peut brouiller les pistes</center></font></b>";above;allTrial;barre;0 0;;;;;;;;;-100_100_1;0;nsg:2;;18;;1;.bmp;1;;#000000;#FFFFFF;0 0;2583;0;NaN;2482586;-45;11512;;-45;FAUSSE;18;FAUSSE;FAUSSE;1;1
426;93;test;informationReception;;;"<b><font size=""6""><center>Le terme de ""féminicide"" a une utilité sur le plan juridique mais peut brouiller les pistes</center></font></b>";above;allTrial;<html>;0 0;Je souhaite recevoir le complément d'informations;Je ne souhaite pas recevoir le complément d'informations;1;2;WTPtoReceive_140;WTPnotToReceive_140;;below;;;;nsg:2;;18;;1;word;1;;#000000;#FFFFFF;0 0;;209;18.58;2483754;2;1156;;;;;;;
428;93;test;WTPnotToReceive;;;"<b><font size=""6""><center>Le terme de ""féminicide"" a une utilité sur le plan juridique mais peut brouiller les pistes</center></font></b>";above;allTrial;<html><center> Combien d'UME êtes-vous prêt(e) à payer pour ne pas recevoir le complément d'informations ?</center><br/><br/></html>;0 0;;;RT>1;endTrial140;WTPnotToReceive_140;below;;;0_25_1;0;nsg:2;;18;;1;word;1;;#000000;#FFFFFF;0 0;;0;0;2486546;6;2777;;6;;;;;;
340;3;test;informationEvaluation;ITI;2000_4000;"<b><font size=""6""><center>Un collectif de députés français propose d’interdire en France les vols intérieurs jugés les plus dispensables</center></font></b>";above;allTrial;barre;0 0;;;;;;;;;-100_100_1;0;nsg:2;;1;;1;.bmp;1;;#000000;#FFFFFF;0 0;2767;0;0;2504581;49;15192;;49;VRAIE;29;VRAIE;FAUSSE;0;0
341;3;test;informationReception;;;"<b><font size=""6""><center>Un collectif de députés français propose d’interdire en France les vols intérieurs jugés les plus dispensables</center></font></b>";above;allTrial;<html>;0 0;Je souhaite recevoir le complément d'informations;Je ne souhaite pas recevoir le complément d'informations;1;2;WTPtoReceive_114;WTPnotToReceive_114;;below;;;;nsg:2;;1;;1;word;1;;#000000;#FFFFFF;0 0;;0;NaN;2505938;2;1341;;;;;;;
343;3;test;WTPnotToReceive;;;"<b><font size=""6""><center>Un collectif de députés français propose d’interdire en France les vols intérieurs jugés les plus dispensables</center></font></b>";above;allTrial;<html><center> Combien d'UME êtes-vous prêt(e) à payer pour ne pas recevoir le complément d'informations ?</center><br/><br/></html>;0 0;;;RT>1;endTrial114;WTPnotToReceive_114;below;;;0_25_1;0;nsg:2;;1;;1;word;1;;#000000;#FFFFFF;0 0;;164;19.41;2508580;5;2625;;5;;;;;;
385;64;test;informationEvaluation;ITI;2000_4000;"<b><font size=""6""><center>Les taux de racisme envers les descendants d’immigrés espagnols, italiens et portugais avoisinent encore les 30 %</center></font></b>";above;allTrial;barre;0 0;;;;;;;;;-100_100_1;0;nsg:2;;10;;1;.bmp;1;;#000000;#FFFFFF;0 0;2492;0;0;2518180;50;7022;;50;VRAIE;72;FAUSSE;VRAIE;1;0
386;64;test;informationReception;;;"<b><font size=""6""><center>Les taux de racisme envers les descendants d’immigrés espagnols, italiens et portugais avoisinent encore les 30 %</center></font></b>";above;allTrial;<html>;0 0;Je souhaite recevoir le complément d'informations;Je ne souhaite pas recevoir le complément d'informations;1;2;WTPtoReceive_126;WTPnotToReceive_126;;below;;;;nsg:2;;10;;1;word;1;;#000000;#FFFFFF;0 0;;0;0;2519517;2;1326;;;;;;;
388;64;test;WTPnotToReceive;;;"<b><font size=""6""><center>Les taux de racisme envers les descendants d’immigrés espagnols, italiens et portugais avoisinent encore les 30 %</center></font></b>";above;allTrial;<html><center> Combien d'UME êtes-vous prêt(e) à payer pour ne pas recevoir le complément d'informations ?</center><br/><br/></html>;0 0;;;RT>1;endTrial126;WTPnotToReceive_126;below;;;0_25_1;0;nsg:2;;10;;1;word;1;;#000000;#FFFFFF;0 0;;0;NaN;2521636;7;2102;;7;;;;;;
570;206;test;informationEvaluation;ITI;2000_4000;"<b><font size=""6""><center>La reconnaissance faciale sera bientôt obligatoire pour accéder à certains services publics en ligne. Une solution contraire à la RGPD</center></font></b>";above;allTrial;barre;0 0;;;;;;;;;-100_100_1;0;nsg:2;;47;;1;.bmp;1;;#000000;#FFFFFF;0 0;3500;210;18.73;2535546;50;10272;;50;VRAIE;86;VRAIE;FAUSSE;0;0
571;206;test;informationReception;;;"<b><font size=""6""><center>La reconnaissance faciale sera bientôt obligatoire pour accéder à certains services publics en ligne. Une solution contraire à la RGPD</center></font></b>";above;allTrial;<html>;0 0;Je souhaite recevoir le complément d'informations;Je ne souhaite pas recevoir le complément d'informations;1;2;WTPtoReceive_208;WTPnotToReceive_208;;below;;;;nsg:2;;47;;1;word;1;;#000000;#FFFFFF;0 0;;0;0;2536919;2;1360;;;;;;;
573;206;test;WTPnotToReceive;;;"<b><font size=""6""><center>La reconnaissance faciale sera bientôt obligatoire pour accéder à certains services publics en ligne. Une solution contraire à la RGPD</center></font></b>";above;allTrial;<html><center>Combien d'UME êtes-vous prêt(e) à payer pour ne pas recevoir le complément d'informations ?</center><br/><br/></html>;0 0;;;RT>1;endTrial208;WTPnotToReceive_208;below;;;0_25_1;0;nsg:2;;47;;1;word;1;;#000000;#FFFFFF;0 0;;0;0;2538593;9;1660;;9;;;;;;
530;178;test;informationEvaluation;ITI;2000_4000;"<b><font size=""6""><center>On pense que le stock de carbone (la biomasse) des forêts boréales augmente et que ce serait surtout celui-ci qui nettoierai l’atmosphère</center></font></b>";above;allTrial;barre;0 0;;;;;;;;;-100_100_1;0;nsg:2;;39;;1;.bmp;1;;#000000;#FFFFFF;0 0;2517;0;NaN;2553406;-57;12207;;-57;FAUSSE;60;VRAIE;FAUSSE;1;0
531;178;test;informationReception;;;"<b><font size=""6""><center>On pense que le stock de carbone (la biomasse) des forêts boréales augmente et que ce serait surtout celui-ci qui nettoierai l’atmosphère</center></font></b>";above;allTrial;<html>;0 0;Je souhaite recevoir le complément d'informations;Je ne souhaite pas recevoir le complément d'informations;1;2;WTPtoReceive_187;WTPnotToReceive_187;;below;;;;nsg:2;;39;;1;word;1;;#000000;#FFFFFF;0 0;;136;19.61;2554368;2;946;;;;;;;
533;178;test;WTPnotToReceive;;;"<b><font size=""6""><center>On pense que le stock de carbone (la biomasse) des forêts boréales augmente et que ce serait surtout celui-ci qui nettoierai l’atmosphère</center></font></b>";above;allTrial;<html><center>Combien d'UME êtes-vous prêt(e) à payer pour ne pas recevoir le complément d'informations ?</center><br/><br/></html>;0 0;;;RT>1;endTrial187;WTPnotToReceive_187;below;;;0_25_1;0;nsg:2;;39;;1;word;1;;#000000;#FFFFFF;0 0;;0;0;2556944;6;2562;;6;;;;;;
460;119;test;informationEvaluation;ITI;2000_4000;"<b><font size=""6""><center>Avec l’application « GendNotes », les forces de l’ordre pourront saisir des données ethniques, religieuses ou politiques</center></font></b>";above;allTrial;barre;0 0;;;;;;;;;-100_100_1;0;nsg:2;;25;;1;.bmp;1;;#000000;#FFFFFF;0 0;3600;0;0;2574748;54;14105;;54;VRAIE;11;VRAIE;FAUSSE;0;0
461;119;test;informationReception;;;"<b><font size=""6""><center>Avec l’application « GendNotes », les forces de l’ordre pourront saisir des données ethniques, religieuses ou politiques</center></font></b>";above;allTrial;<html>;0 0;Je souhaite recevoir le complément d'informations;Je ne souhaite pas recevoir le complément d'informations;1;2;WTPtoReceive_162;WTPnotToReceive_162;;below;;;;nsg:2;;25;;1;word;1;;#000000;#FFFFFF;0 0;;0;NaN;2576936;1;2173;;;;;;;
462;119;test;WTPtoReceive;;;"<b><font size=""6""><center>Avec l’application « GendNotes », les forces de l’ordre pourront saisir des données ethniques, religieuses ou politiques</center></font></b>";above;allTrial;<html><center> Combien d'UME êtes-vous prêt(e) à payer pour recevoir le complément d'informations ?</center><br/><br/></html>;0 0;;;RT>1;endTrial162;WTPtoReceive_162;below;;;0_25_1;0;nsg:2;;25;;1;word;1;;#000000;#FFFFFF;0 0;;157;20.6;2578845;5;1890;;5;;;;;;
540;182;test;informationEvaluation;ITI;2000_4000;"<b><font size=""6""><center>450 millions de personnes pourraient devoir faire face à des inondations côtières au moins une fois par an d’ici à 2050</center></font></b>";above;allTrial;barre;0 0;;;;;;;;;-100_100_1;0;nsg:2;;41;;1;.bmp;1;;#000000;#FFFFFF;0 0;2367;0;0;2588357;48;7013;;48;VRAIE;23;VRAIE;VRAIE;1;1
541;182;test;informationReception;;;"<b><font size=""6""><center>450 millions de personnes pourraient devoir faire face à des inondations côtières au moins une fois par an d’ici à 2050</center></font></b>";above;allTrial;<html>;0 0;Je souhaite recevoir le complément d'informations;Je ne souhaite pas recevoir le complément d'informations;1;2;WTPtoReceive_191;WTPnotToReceive_191;;below;;;;nsg:2;;41;;1;word;1;;#000000;#FFFFFF;0 0;;0;0;2589566;2;1198;;;;;;;
543;182;test;WTPnotToReceive;;;"<b><font size=""6""><center>450 millions de personnes pourraient devoir faire face à des inondations côtières au moins une fois par an d’ici à 2050</center></font></b>";above;allTrial;<html><center> Combien d'UME êtes-vous prêt(e) à payer pour ne pas recevoir le complément d'informations ?</center><br/><br/></html>;0 0;;;RT>1;endTrial191;WTPnotToReceive_191;below;;;0_25_1;0;nsg:2;;41;;1;word;1;;#000000;#FFFFFF;0 0;;0;NaN;2590993;9;1412;;9;;;;;;
505;157;test;informationEvaluation;ITI;2000_4000;"<b><font size=""6""><center>La loi sur la neutralité du net permet à certains opérateurs, aux Etats-Unis, de restreindre à volonté l'accès aux contenus sur Internet</center></font></b>";above;allTrial;barre;0 0;;;;;;;;;-100_100_1;0;nsg:2;;34;;1;.bmp;1;;#000000;#FFFFFF;0 0;2750;181;20.63;2603430;53;9486;;53;VRAIE;27;VRAIE;FAUSSE;0;0
506;157;test;informationReception;;;"<b><font size=""6""><center>La loi sur la neutralité du net permet à certains opérateurs, aux Etats-Unis, de restreindre à volonté l'accès aux contenus sur Internet</center></font></b>";above;allTrial;<html>;0 0;Je souhaite recevoir le complément d'informations;Je ne souhaite pas recevoir le complément d'informations;1;2;WTPtoReceive_179;WTPnotToReceive_179;;below;;;;nsg:2;;34;;1;word;1;;#000000;#FFFFFF;0 0;;0;0;2604599;2;1156;;;;;;;
508;157;test;WTPnotToReceive;;;"<b><font size=""6""><center>La loi sur la neutralité du net permet à certains opérateurs, aux Etats-Unis, de restreindre à volonté l'accès aux contenus sur Internet</center></font></b>";above;allTrial;<html><center> Combien d'UME êtes-vous prêt(e) à payer pour ne pas recevoir le complément d'informations ?</center><br/><br/></html>;0 0;;;RT>1;endTrial179;WTPnotToReceive_179;below;;;0_25_1;0;nsg:2;;34;;1;word;1;;#000000;#FFFFFF;0 0;;0;0;2606535;7;1921;;7;;;;;;
410;85;test;informationEvaluation;ITI;2000_4000;"<b><font size=""6""><center>Sur la période 2012-2016, il exite une quasi parité quant au sexe des auteurs présumés de morts violentes d'enfants</center></font></b>";above;allTrial;barre;0 0;;;;;;;;;-100_100_1;0;nsg:2;;15;;1;.bmp;1;;#000000;#FFFFFF;0 0;3233;0;NaN;2624156;37;14319;;37;VRAIE;25;VRAIE;VRAIE;1;1
411;85;test;informationReception;;;"<b><font size=""6""><center>Sur la période 2012-2016, il exite une quasi parité quant au sexe des auteurs présumés de morts violentes d'enfants</center></font></b>";above;allTrial;<html>;0 0;Je souhaite recevoir le complément d'informations;Je ne souhaite pas recevoir le complément d'informations;1;2;WTPtoReceive_134;WTPnotToReceive_134;;below;;;;nsg:2;;15;;1;word;1;;#000000;#FFFFFF;0 0;;207;19.25;2625202;2;1028;;;;;;;
413;85;test;WTPnotToReceive;;;"<b><font size=""6""><center>Sur la période 2012-2016, il exite une quasi parité quant au sexe des auteurs présumés de morts violentes d'enfants</center></font></b>";above;allTrial;<html><center>Combien d'UME êtes-vous prêt(e) à payer pour ne pas recevoir le complément d'informations ?</center><br/><br/></html>;0 0;;;RT>1;endTrial134;WTPnotToReceive_134;below;;;0_25_1;0;nsg:2;;15;;1;word;1;;#000000;#FFFFFF;0 0;;0;0;2627231;5;2010;;5;;;;;;
475;127;test;informationEvaluation;ITI;2000_4000;"<b><font size=""6""><center>La transparence des revenus annexes des eurodéputés ne permet à ce jour aucun détail ni vérification de leurs déclarations</center></font></b>";above;allTrial;barre;0 0;;;;;;;;;-100_100_1;0;nsg:2;;28;;1;.bmp;1;;#000000;#FFFFFF;0 0;2300;0;0;2695220;52;65477;;52;VRAIE;6;VRAIE;VRAIE;1;1
476;127;test;informationReception;;;"<b><font size=""6""><center>La transparence des revenus annexes des eurodéputés ne permet à ce jour aucun détail ni vérification de leurs déclarations</center></font></b>";above;allTrial;<html>;0 0;Je souhaite recevoir le complément d'informations;Je ne souhaite pas recevoir le complément d'informations;1;2;WTPtoReceive_165;WTPnotToReceive_165;;below;;;;nsg:2;;28;;1;word;1;;#000000;#FFFFFF;0 0;;0;NaN;2696771;1;1536;;;;;;;
477;127;test;WTPtoReceive;;;"<b><font size=""6""><center>La transparence des revenus annexes des eurodéputés ne permet à ce jour aucun détail ni vérification de leurs déclarations</center></font></b>";above;allTrial;<html><center> Combien d'UME êtes-vous prêt(e) à payer pour recevoir le complément d'informations ?</center><br/><br/></html>;0 0;;;RT>1;endTrial165;WTPtoReceive_165;below;;;0_25_1;0;nsg:2;;28;;1;word;1;;#000000;#FFFFFF;0 0;;103;20.23;2699220;4;2432;;4;;;;;;
480;128;test;informationEvaluation;ITI;2000_4000;"<b><font size=""6""><center>Les interventions pilotées par le G7 sur les thématiques du climat et de la stabilité politique dans les pays arabes ont toutes échouées</center></font></b>";above;allTrial;barre;0 0;;;;;;;;;-100_100_1;0;nsg:2;;29;;1;.bmp;1;;#000000;#FFFFFF;0 0;3083;0;0;2717373;56;15008;;56;VRAIE;26;VRAIE;FAUSSE;0;0
481;128;test;informationReception;;;"<b><font size=""6""><center>Les interventions pilotées par le G7 sur les thématiques du climat et de la stabilité politique dans les pays arabes ont toutes échouées</center></font></b>";above;allTrial;<html>;0 0;Je souhaite recevoir le complément d'informations;Je ne souhaite pas recevoir le complément d'informations;1;2;WTPtoReceive_168;WTPnotToReceive_168;;below;;;;nsg:2;;29;;1;word;1;;#000000;#FFFFFF;0 0;;0;0;2718604;2;1220;;;;;;;
483;128;test;WTPnotToReceive;;;"<b><font size=""6""><center>Les interventions pilotées par le G7 sur les thématiques du climat et de la stabilité politique dans les pays arabes ont toutes échouées</center></font></b>";above;allTrial;<html><center>Combien d'UME êtes-vous prêt(e) à payer pour ne pas recevoir le complément d'informations ?</center><br/><br/></html>;0 0;;;RT>1;endTrial168;WTPnotToReceive_168;below;;;0_25_1;0;nsg:2;;29;;1;word;1;;#000000;#FFFFFF;0 0;;0;NaN;2720925;9;2301;;9;;;;;;
455;116;test;informationEvaluation;ITI;2000_4000;"<b><font size=""6""><center>Il est difficile d’opposer les migrants aux SDF français: selon l’Insee, les étrangers représentent 53% des personnes sans domicile en 2012</center></font></b>";above;allTrial;barre;0 0;;;;;;;;;-100_100_1;0;nsg:2;;24;;1;.bmp;1;;#000000;#FFFFFF;0 0;3950;144;19.56;2741676;89;16714;;89;VRAIE;2;VRAIE;VRAIE;1;1
456;116;test;informationReception;;;"<b><font size=""6""><center>Il est difficile d’opposer les migrants aux SDF français: selon l’Insee, les étrangers représentent 53% des personnes sans domicile en 2012</center></font></b>";above;allTrial;<html>;0 0;Je souhaite recevoir le complément d'informations;Je ne souhaite pas recevoir le complément d'informations;1;2;WTPtoReceive_161;WTPnotToReceive_161;;below;;;;nsg:2;;24;;1;word;1;;#000000;#FFFFFF;0 0;;0;0;2744377;2;2685;;;;;;;
458;116;test;WTPnotToReceive;;;"<b><font size=""6""><center>Il est difficile d’opposer les migrants aux SDF français: selon l’Insee, les étrangers représentent 53% des personnes sans domicile en 2012</center></font></b>";above;allTrial;<html><center>Combien d'UME êtes-vous prêt(e) à payer pour ne pas recevoir le complément d'informations ?</center><br/><br/></html>;0 0;;;RT>1;endTrial161;WTPnotToReceive_161;below;;;0_25_1;0;nsg:2;;24;;1;word;1;;#000000;#FFFFFF;0 0;;0;0;2746910;15;2514;;15;;;;;;
